2026/04/04 00:19:14.956, 3.43, 270, 0, 33
2026/04/04 00:19:15.067, 3.43, 270, 0, 33
2026/04/04 00:19:15.176, 3.43, 270, 0, 33
2026/04/04 00:19:15.286, 3.34, 270, 0, 23
2026/04/04 00:19:15.397, 3.34, 270, 0, 23
2026/04/04 00:19:15.507, 3.34, 270, 0, 23
2026/04/04 00:19:15.617, 3.34, 270, 0, 23
2026/04/04 00:19:15.727, 3.34, 270, 0, 23
2026/04/04 00:19:15.838, 3.49, 270, 0, 23
2026/04/04 00:19:15.948, 3.49, 270, 0, 23
2026/04/04 00:19:16.057, 3.49, 270, 0, 23
2026/04/04 00:19:16.167, 3.49, 270, 0, 23
2026/04/04 00:19:16.278, 3.49, 270, 0, 23
2026/04/04 00:19:16.388, 3.75, 345, 46, 36
2026/04/04 00:19:16.499, 3.75, 345, 46, 36
2026/04/04 00:19:16.611, 3.75, 345, 46, 36
2026/04/04 00:19:16.721, 3.75, 345, 46, 36
2026/04/04 00:19:16.831, 5.01, 420, 46, 36
2026/04/04 00:19:16.941, 5.01, 420, 46, 36
2026/04/04 00:19:17.051, 5.01, 420, 46, 36
2026/04/04 00:19:17.160, 5.01, 420, 46, 36
2026/04/04 00:19:17.270, 5.01, 420, 46, 36
2026/04/04 00:19:17.378, 6.18, 420, 0, 13
2026/04/04 00:19:17.487, 6.18, 420, 0, 13
2026/04/04 00:19:17.599, 6.18, 420, 0, 13
2026/04/04 00:19:17.710, 6.18, 420, 0, 13
2026/04/04 00:19:17.821, 6.01, 420, 0, 13
2026/04/04 00:19:17.930, 6.01, 420, 0, 13
2026/04/04 00:19:18.039, 6.01, 420, 0, 13
2026/04/04 00:19:18.149, 6.01, 420, 0, 13
2026/04/04 00:19:18.260, 6.01, 420, 0, 13
2026/04/04 00:19:18.369, 14.25, 2085, 100, 27
2026/04/04 00:19:18.478, 14.25, 2085, 100, 27
2026/04/04 00:19:18.588, 14.25, 2085, 100, 27
2026/04/04 00:19:18.698, 14.25, 2085, 100, 27
2026/04/04 00:19:18.807, 43.88, 2175, 100, 27
2026/04/04 00:19:18.915, 43.88, 2175, 100, 27
2026/04/04 00:19:19.024, 43.88, 2175, 100, 27
2026/04/04 00:19:19.132, 43.88, 2175, 100, 27
2026/04/04 00:19:19.242, 43.88, 2175, 100, 27
2026/04/04 00:19:19.351, 70.74, 2100, 100, 25
2026/04/04 00:19:19.460, 70.74, 2100, 100, 25
2026/04/04 00:19:19.570, 70.74, 2100, 100, 25
2026/04/04 00:19:19.680, 70.74, 2100, 100, 25
2026/04/04 00:19:19.791, 69.95, 2145, 100, 25
2026/04/04 00:19:19.901, 69.95, 2145, 100, 25
2026/04/04 00:19:20.011, 69.95, 2145, 100, 25
2026/04/04 00:19:20.120, 69.95, 2145, 100, 25
2026/04/04 00:19:20.228, 69.95, 2145, 100, 25
2026/04/04 00:19:20.339, 69.73, 2100, 100, 25
2026/04/04 00:19:20.448, 69.73, 2100, 100, 25
2026/04/04 00:19:20.559, 69.73, 2100, 100, 25
2026/04/04 00:19:20.668, 69.73, 2100, 100, 25
2026/04/04 00:19:20.777, 69.73, 2100, 100, 25
2026/04/04 00:19:20.888, 69.72, 2295, 100, 25
2026/04/04 00:19:20.999, 69.72, 2295, 100, 25
2026/04/04 00:19:21.109, 69.72, 2295, 100, 25
2026/04/04 00:19:21.218, 69.72, 2295, 100, 25
2026/04/04 00:19:21.327, 69.47, 2235, 100, 26
2026/04/04 00:19:21.438, 69.47, 2235, 100, 26
2026/04/04 00:19:21.548, 69.47, 2235, 100, 26
2026/04/04 00:19:21.657, 69.47, 2235, 100, 26
2026/04/04 00:19:21.767, 69.47, 2235, 100, 26
2026/04/04 00:19:21.877, 69.79, 2160, 100, 26
2026/04/04 00:19:21.986, 69.79, 2160, 100, 26
2026/04/04 00:19:22.097, 69.79, 2160, 100, 26
2026/04/04 00:19:22.207, 69.79, 2160, 100, 26
2026/04/04 00:19:22.314, 69.73, 2220, 100, 25
2026/04/04 00:19:22.424, 69.73, 2220, 100, 25
2026/04/04 00:19:22.534, 69.73, 2220, 100, 25
2026/04/04 00:19:22.644, 69.73, 2220, 100, 25
2026/04/04 00:19:22.753, 69.73, 2220, 100, 25
2026/04/04 00:19:22.862, 69.64, 2100, 100, 25
2026/04/04 00:19:22.973, 69.64, 2100, 100, 25
2026/04/04 00:19:23.087, 69.64, 2100, 100, 25
2026/04/04 00:19:23.195, 69.64, 2100, 100, 25
2026/04/04 00:19:23.305, 69.46, 2235, 100, 25
2026/04/04 00:19:23.415, 69.46, 2235, 100, 25
2026/04/04 00:19:23.527, 69.46, 2235, 100, 25
2026/04/04 00:19:23.636, 69.46, 2235, 100, 25
2026/04/04 00:19:23.745, 69.46, 2235, 100, 25
2026/04/04 00:19:23.854, 69.49, 2295, 100, 25
2026/04/04 00:19:23.965, 69.49, 2295, 100, 25
2026/04/04 00:19:24.075, 69.49, 2295, 100, 25
2026/04/04 00:19:24.185, 69.49, 2295, 100, 25
2026/04/04 00:19:24.295, 69.95, 2220, 100, 25
2026/04/04 00:19:24.407, 69.95, 2220, 100, 25
2026/04/04 00:19:24.517, 69.95, 2220, 100, 25
2026/04/04 00:19:24.628, 69.95, 2220, 100, 25
2026/04/04 00:19:24.739, 69.95, 2220, 100, 25
2026/04/04 00:19:24.849, 69.88, 2205, 100, 25
2026/04/04 00:19:24.960, 69.88, 2205, 100, 25
2026/04/04 00:19:25.069, 69.88, 2205, 100, 25
2026/04/04 00:19:25.180, 69.88, 2205, 100, 25
2026/04/04 00:19:25.290, 69.92, 2100, 100, 25
2026/04/04 00:19:25.400, 69.92, 2100, 100, 25
2026/04/04 00:19:25.509, 69.92, 2100, 100, 25
2026/04/04 00:19:25.620, 69.92, 2100, 100, 25
2026/04/04 00:19:25.729, 69.92, 2100, 100, 25
2026/04/04 00:19:25.840, 69.84, 2145, 100, 25
2026/04/04 00:19:25.951, 69.84, 2145, 100, 25
2026/04/04 00:19:26.060, 69.84, 2145, 100, 25
2026/04/04 00:19:26.170, 69.84, 2145, 100, 25
2026/04/04 00:19:26.280, 69.84, 2145, 100, 25
2026/04/04 00:19:26.390, 69.62, 2130, 100, 24
2026/04/04 00:19:26.501, 69.62, 2130, 100, 24
2026/04/04 00:19:26.612, 69.62, 2130, 100, 24
2026/04/04 00:19:26.723, 69.62, 2130, 100, 24
2026/04/04 00:19:26.833, 69.89, 2280, 100, 24
2026/04/04 00:19:26.942, 69.89, 2280, 100, 24
2026/04/04 00:19:27.054, 69.89, 2280, 100, 24
2026/04/04 00:19:27.163, 69.89, 2280, 100, 24
2026/04/04 00:19:27.273, 69.89, 2280, 100, 24
2026/04/04 00:19:27.383, 69.84, 2130, 100, 24
2026/04/04 00:19:27.494, 69.84, 2130, 100, 24
2026/04/04 00:19:27.605, 69.84, 2130, 100, 24
2026/04/04 00:19:27.716, 69.84, 2130, 100, 24
2026/04/04 00:19:27.827, 69.79, 2145, 100, 24
2026/04/04 00:19:27.935, 69.79, 2145, 100, 24
2026/04/04 00:19:28.046, 69.79, 2145, 100, 24
2026/04/04 00:19:28.156, 69.79, 2145, 100, 24
2026/04/04 00:19:28.264, 69.79, 2145, 100, 24
2026/04/04 00:19:28.374, 69.65, 2100, 100, 25
2026/04/04 00:19:28.484, 69.65, 2100, 100, 25
2026/04/04 00:19:28.594, 69.65, 2100, 100, 25
2026/04/04 00:19:28.705, 69.65, 2100, 100, 25
2026/04/04 00:19:28.815, 70.11, 2115, 100, 25
2026/04/04 00:19:28.924, 70.11, 2115, 100, 25
2026/04/04 00:19:29.033, 70.11, 2115, 100, 25
2026/04/04 00:19:29.143, 70.11, 2115, 100, 25
2026/04/04 00:19:29.254, 70.11, 2115, 100, 25
2026/04/04 00:19:29.363, 69.61, 2160, 100, 24
2026/04/04 00:19:29.472, 69.61, 2160, 100, 24
2026/04/04 00:19:29.583, 69.61, 2160, 100, 24
2026/04/04 00:19:29.692, 69.61, 2160, 100, 24
2026/04/04 00:19:29.801, 69.74, 2145, 100, 24
2026/04/04 00:19:29.910, 69.74, 2145, 100, 24
2026/04/04 00:19:30.019, 69.74, 2145, 100, 24
2026/04/04 00:19:30.128, 69.74, 2145, 100, 24
2026/04/04 00:19:30.237, 69.74, 2145, 100, 24
2026/04/04 00:19:30.347, 69.37, 2145, 100, 24
2026/04/04 00:19:30.456, 69.37, 2145, 100, 24
2026/04/04 00:19:30.566, 69.37, 2145, 100, 24
2026/04/04 00:19:30.676, 69.37, 2145, 100, 24
2026/04/04 00:19:30.785, 69.37, 2145, 100, 24
2026/04/04 00:19:30.894, 69.31, 2220, 100, 24
2026/04/04 00:19:31.002, 69.31, 2220, 100, 24
2026/04/04 00:19:31.112, 69.31, 2220, 100, 24
2026/04/04 00:19:31.221, 69.31, 2220, 100, 24
2026/04/04 00:19:31.331, 69.32, 2235, 100, 25
2026/04/04 00:19:31.441, 69.32, 2235, 100, 25
2026/04/04 00:19:31.550, 69.32, 2235, 100, 25
2026/04/04 00:19:31.661, 69.32, 2235, 100, 25
2026/04/04 00:19:31.772, 69.32, 2235, 100, 25
2026/04/04 00:19:31.883, 69.75, 2115, 100, 25
2026/04/04 00:19:31.993, 69.75, 2115, 100, 25
2026/04/04 00:19:32.104, 69.75, 2115, 100, 25
2026/04/04 00:19:32.214, 69.75, 2115, 100, 25
2026/04/04 00:19:32.323, 69.66, 2190, 100, 24
2026/04/04 00:19:32.433, 69.66, 2190, 100, 24
2026/04/04 00:19:32.543, 69.66, 2190, 100, 24
2026/04/04 00:19:32.654, 69.66, 2190, 100, 24
2026/04/04 00:19:32.765, 69.66, 2190, 100, 24
2026/04/04 00:19:32.874, 69.59, 2220, 100, 24
2026/04/04 00:19:32.984, 69.59, 2220, 100, 24
2026/04/04 00:19:33.094, 69.59, 2220, 100, 24
2026/04/04 00:19:33.205, 69.59, 2220, 100, 24
2026/04/04 00:19:33.315, 69.61, 2145, 100, 24
2026/04/04 00:19:33.423, 69.61, 2145, 100, 24
2026/04/04 00:19:33.534, 69.61, 2145, 100, 24
2026/04/04 00:19:33.645, 69.61, 2145, 100, 24
2026/04/04 00:19:33.756, 69.61, 2145, 100, 24
2026/04/04 00:19:33.867, 69.82, 2145, 100, 24
2026/04/04 00:19:33.977, 69.82, 2145, 100, 24
2026/04/04 00:19:34.089, 69.82, 2145, 100, 24
2026/04/04 00:19:34.199, 69.82, 2145, 100, 24
2026/04/04 00:19:34.309, 69.74, 2100, 100, 25
2026/04/04 00:19:34.419, 69.74, 2100, 100, 25
2026/04/04 00:19:34.528, 69.74, 2100, 100, 25
2026/04/04 00:19:34.639, 69.74, 2100, 100, 25
2026/04/04 00:19:34.749, 69.74, 2100, 100, 25
2026/04/04 00:19:34.861, 69.64, 2145, 100, 25
2026/04/04 00:19:34.971, 69.64, 2145, 100, 25
2026/04/04 00:19:35.083, 69.64, 2145, 100, 25
2026/04/04 00:19:35.193, 69.64, 2145, 100, 25
2026/04/04 00:19:35.304, 69.79, 2100, 100, 25
2026/04/04 00:19:35.414, 69.79, 2100, 100, 25
2026/04/04 00:19:35.523, 69.79, 2100, 100, 25
2026/04/04 00:19:35.634, 69.79, 2100, 100, 25
2026/04/04 00:19:35.745, 69.79, 2100, 100, 25
2026/04/04 00:19:35.854, 69.70, 2130, 100, 25
2026/04/04 00:19:35.965, 69.70, 2130, 100, 25
2026/04/04 00:19:36.075, 69.70, 2130, 100, 25
2026/04/04 00:19:36.185, 69.70, 2130, 100, 25
2026/04/04 00:19:36.295, 69.85, 2130, 100, 25
2026/04/04 00:19:36.406, 69.85, 2130, 100, 25
2026/04/04 00:19:36.517, 69.85, 2130, 100, 25
2026/04/04 00:19:36.627, 69.85, 2130, 100, 25
2026/04/04 00:19:36.737, 69.85, 2130, 100, 25
2026/04/04 00:19:36.848, 69.90, 2145, 100, 25
2026/04/04 00:19:36.959, 69.90, 2145, 100, 25
2026/04/04 00:19:37.069, 69.90, 2145, 100, 25
2026/04/04 00:19:37.181, 69.90, 2145, 100, 25
2026/04/04 00:19:37.291, 69.72, 2220, 100, 24
2026/04/04 00:19:37.401, 69.72, 2220, 100, 24
2026/04/04 00:19:37.513, 69.72, 2220, 100, 24
2026/04/04 00:19:37.621, 69.72, 2220, 100, 24
2026/04/04 00:19:37.731, 69.72, 2220, 100, 24
2026/04/04 00:19:37.841, 69.78, 2280, 100, 24
2026/04/04 00:19:37.952, 69.78, 2280, 100, 24
2026/04/04 00:19:38.062, 69.78, 2280, 100, 24
2026/04/04 00:19:38.171, 69.78, 2280, 100, 24
2026/04/04 00:19:38.281, 69.78, 2280, 100, 24
2026/04/04 00:19:38.392, 69.68, 2160, 100, 24
2026/04/04 00:19:38.502, 69.68, 2160, 100, 24
2026/04/04 00:19:38.612, 69.68, 2160, 100, 24
2026/04/04 00:19:38.722, 69.68, 2160, 100, 24
2026/04/04 00:19:38.833, 69.97, 2130, 100, 24
2026/04/04 00:19:38.942, 69.97, 2130, 100, 24
2026/04/04 00:19:39.052, 69.97, 2130, 100, 24
2026/04/04 00:19:39.163, 69.97, 2130, 100, 24
2026/04/04 00:19:39.274, 69.97, 2130, 100, 24
2026/04/04 00:19:39.383, 69.34, 2235, 100, 24
2026/04/04 00:19:39.494, 69.34, 2235, 100, 24
2026/04/04 00:19:39.605, 69.34, 2235, 100, 24
2026/04/04 00:19:39.715, 69.34, 2235, 100, 24
2026/04/04 00:19:39.825, 69.59, 2130, 100, 24
2026/04/04 00:19:39.936, 69.59, 2130, 100, 24
2026/04/04 00:19:40.053, 69.59, 2130, 100, 24
2026/04/04 00:19:40.164, 69.59, 2130, 100, 24
2026/04/04 00:19:40.285, 69.59, 2130, 100, 24
2026/04/04 00:19:40.390, 69.43, 2265, 100, 25
2026/04/04 00:19:40.500, 69.43, 2265, 100, 25
2026/04/04 00:19:40.611, 69.43, 2265, 100, 25
2026/04/04 00:19:40.719, 69.43, 2265, 100, 25
2026/04/04 00:19:40.831, 69.82, 2160, 100, 25
2026/04/04 00:19:40.941, 69.82, 2160, 100, 25
2026/04/04 00:19:41.052, 69.82, 2160, 100, 25
2026/04/04 00:19:41.163, 69.82, 2160, 100, 25
2026/04/04 00:19:41.272, 69.82, 2160, 100, 25
2026/04/04 00:19:41.381, 69.29, 2250, 100, 24
2026/04/04 00:19:41.490, 69.29, 2250, 100, 24
2026/04/04 00:19:41.606, 69.29, 2250, 100, 24
2026/04/04 00:19:41.708, 69.29, 2250, 100, 24
2026/04/04 00:19:41.817, 69.89, 2130, 100, 24
2026/04/04 00:19:41.928, 69.89, 2130, 100, 24
2026/04/04 00:19:42.037, 69.89, 2130, 100, 24
2026/04/04 00:19:42.148, 69.89, 2130, 100, 24
2026/04/04 00:19:42.258, 69.89, 2130, 100, 24
2026/04/04 00:19:42.369, 69.52, 2115, 100, 25
2026/04/04 00:19:42.479, 69.52, 2115, 100, 25
2026/04/04 00:19:42.590, 69.52, 2115, 100, 25
2026/04/04 00:19:42.700, 69.52, 2115, 100, 25
2026/04/04 00:19:42.811, 69.66, 2310, 100, 25
2026/04/04 00:19:42.920, 69.66, 2310, 100, 25
2026/04/04 00:19:43.029, 69.66, 2310, 100, 25
2026/04/04 00:19:43.146, 69.66, 2310, 100, 25
2026/04/04 00:19:43.251, 69.66, 2310, 100, 25
2026/04/04 00:19:43.363, 69.76, 2085, 100, 24
2026/04/04 00:19:43.472, 69.76, 2085, 100, 24
2026/04/04 00:19:43.581, 69.76, 2085, 100, 24
2026/04/04 00:19:43.692, 69.76, 2085, 100, 24
2026/04/04 00:19:43.803, 69.41, 2145, 100, 24
2026/04/04 00:19:43.913, 69.41, 2145, 100, 24
2026/04/04 00:19:44.022, 69.41, 2145, 100, 24
2026/04/04 00:19:44.133, 69.41, 2145, 100, 24
2026/04/04 00:19:44.243, 69.41, 2145, 100, 24
2026/04/04 00:19:44.354, 69.42, 2220, 100, 25
2026/04/04 00:19:44.464, 69.42, 2220, 100, 25
2026/04/04 00:19:44.574, 69.42, 2220, 100, 25
2026/04/04 00:19:44.685, 69.42, 2220, 100, 25
2026/04/04 00:19:44.795, 66.81, 2190, 100, 25
2026/04/04 00:19:44.905, 66.81, 2190, 100, 25
2026/04/04 00:19:45.017, 66.81, 2190, 100, 25
2026/04/04 00:19:45.127, 66.81, 2190, 100, 25
2026/04/04 00:19:45.236, 66.81, 2190, 100, 25
2026/04/04 00:19:45.355, 55.59, 2490, 91, 84
2026/04/04 00:19:45.469, 55.59, 2490, 91, 84
2026/04/04 00:19:45.578, 55.59, 2490, 91, 84
2026/04/04 00:19:45.688, 55.59, 2490, 91, 84
2026/04/04 00:19:45.798, 43.13, 2490, 91, 84
2026/04/04 00:19:45.907, 43.13, 2490, 91, 84
2026/04/04 00:19:46.016, 43.13, 2490, 91, 84
2026/04/04 00:19:46.126, 43.13, 2490, 91, 84
2026/04/04 00:19:46.237, 43.13, 2490, 91, 84
2026/04/04 00:19:46.349, 43.38, 2490, 89, 75
2026/04/04 00:19:46.458, 43.38, 2490, 89, 75
2026/04/04 00:19:46.570, 43.38, 2490, 89, 75
2026/04/04 00:19:46.680, 43.38, 2490, 89, 75
2026/04/04 00:19:46.787, 43.38, 2490, 89, 75
2026/04/04 00:19:46.898, 44.29, 2490, 89, 75
2026/04/04 00:19:47.008, 44.29, 2490, 89, 75
2026/04/04 00:19:47.118, 44.29, 2490, 89, 75
2026/04/04 00:19:47.227, 44.29, 2490, 89, 75
2026/04/04 00:19:47.337, 44.08, 2490, 84, 67
2026/04/04 00:19:47.447, 44.08, 2490, 84, 67
2026/04/04 00:19:47.557, 44.08, 2490, 84, 67
2026/04/04 00:19:47.667, 44.08, 2490, 84, 67
2026/04/04 00:19:47.777, 44.08, 2490, 84, 67
2026/04/04 00:19:47.886, 43.69, 2490, 84, 67
2026/04/04 00:19:47.994, 43.69, 2490, 84, 67
2026/04/04 00:19:48.104, 43.69, 2490, 84, 67
2026/04/04 00:19:48.214, 43.69, 2490, 84, 67
2026/04/04 00:19:48.324, 49.41, 2175, 100, 25
2026/04/04 00:19:48.433, 49.41, 2175, 100, 25
2026/04/04 00:19:48.543, 49.41, 2175, 100, 25
2026/04/04 00:19:48.654, 49.41, 2175, 100, 25
2026/04/04 00:19:48.764, 49.41, 2175, 100, 25
2026/04/04 00:19:48.874, 62.22, 2130, 100, 25
2026/04/04 00:19:48.986, 62.22, 2130, 100, 25
2026/04/04 00:19:49.097, 62.22, 2130, 100, 25
2026/04/04 00:19:49.207, 62.22, 2130, 100, 25
2026/04/04 00:19:49.318, 70.41, 2175, 100, 25
2026/04/04 00:19:49.429, 70.41, 2175, 100, 25
2026/04/04 00:19:49.538, 70.41, 2175, 100, 25
2026/04/04 00:19:49.646, 70.41, 2175, 100, 25
2026/04/04 00:19:49.757, 70.41, 2175, 100, 25
2026/04/04 00:19:49.867, 70.10, 2145, 100, 25
2026/04/04 00:19:49.976, 70.10, 2145, 100, 25
2026/04/04 00:19:50.087, 70.10, 2145, 100, 25
2026/04/04 00:19:50.197, 70.10, 2145, 100, 25
2026/04/04 00:19:50.308, 69.73, 2145, 100, 24
2026/04/04 00:19:50.418, 69.73, 2145, 100, 24
2026/04/04 00:19:50.527, 69.73, 2145, 100, 24
2026/04/04 00:19:50.636, 69.73, 2145, 100, 24
2026/04/04 00:19:50.746, 69.73, 2145, 100, 24
2026/04/04 00:19:50.856, 69.83, 2250, 100, 24
2026/04/04 00:19:50.964, 69.83, 2250, 100, 24
2026/04/04 00:19:51.074, 69.83, 2250, 100, 24
2026/04/04 00:19:51.184, 69.83, 2250, 100, 24
2026/04/04 00:19:51.293, 69.84, 2100, 100, 25
2026/04/04 00:19:51.404, 69.84, 2100, 100, 25
2026/04/04 00:19:51.515, 69.84, 2100, 100, 25
2026/04/04 00:19:51.625, 69.84, 2100, 100, 25
2026/04/04 00:19:51.733, 69.84, 2100, 100, 25
2026/04/04 00:19:51.843, 69.86, 2145, 100, 25
2026/04/04 00:19:51.951, 69.86, 2145, 100, 25
2026/04/04 00:19:52.063, 69.86, 2145, 100, 25
2026/04/04 00:19:52.171, 69.86, 2145, 100, 25
2026/04/04 00:19:52.280, 69.86, 2145, 100, 25
2026/04/04 00:19:52.389, 69.83, 2085, 100, 25
2026/04/04 00:19:52.497, 69.83, 2085, 100, 25
2026/04/04 00:19:52.607, 69.83, 2085, 100, 25
2026/04/04 00:19:52.718, 69.83, 2085, 100, 25
2026/04/04 00:19:52.827, 70.14, 2100, 100, 25
2026/04/04 00:19:52.937, 70.14, 2100, 100, 25
2026/04/04 00:19:53.045, 70.14, 2100, 100, 25
2026/04/04 00:19:53.156, 70.14, 2100, 100, 25
2026/04/04 00:19:53.265, 70.14, 2100, 100, 25
2026/04/04 00:19:53.375, 69.82, 2100, 100, 25
2026/04/04 00:19:53.485, 69.82, 2100, 100, 25
2026/04/04 00:19:53.595, 69.82, 2100, 100, 25
2026/04/04 00:19:53.706, 69.82, 2100, 100, 25
2026/04/04 00:19:53.814, 69.96, 2100, 100, 25
2026/04/04 00:19:53.925, 69.96, 2100, 100, 25
2026/04/04 00:19:54.035, 69.96, 2100, 100, 25
2026/04/04 00:19:54.145, 69.96, 2100, 100, 25
2026/04/04 00:19:54.256, 69.96, 2100, 100, 25
2026/04/04 00:19:54.366, 69.73, 2175, 100, 26
2026/04/04 00:19:54.475, 69.73, 2175, 100, 26
2026/04/04 00:19:54.583, 69.73, 2175, 100, 26
2026/04/04 00:19:54.692, 69.73, 2175, 100, 26
2026/04/04 00:19:54.802, 69.25, 2220, 100, 26
2026/04/04 00:19:54.912, 69.25, 2220, 100, 26
2026/04/04 00:19:55.021, 69.25, 2220, 100, 26
2026/04/04 00:19:55.129, 69.25, 2220, 100, 26
2026/04/04 00:19:55.239, 69.25, 2220, 100, 26
2026/04/04 00:19:55.348, 69.75, 2100, 100, 25
2026/04/04 00:19:55.458, 69.75, 2100, 100, 25
2026/04/04 00:19:55.567, 69.75, 2100, 100, 25
2026/04/04 00:19:55.678, 69.75, 2100, 100, 25
2026/04/04 00:19:55.787, 69.75, 2100, 100, 25
2026/04/04 00:19:55.896, 70.04, 2130, 100, 25
2026/04/04 00:19:56.008, 70.04, 2130, 100, 25
2026/04/04 00:19:56.117, 70.04, 2130, 100, 25
2026/04/04 00:19:56.226, 70.04, 2130, 100, 25
2026/04/04 00:19:56.337, 69.84, 2100, 100, 26
2026/04/04 00:19:56.447, 69.84, 2100, 100, 26
2026/04/04 00:19:56.558, 69.84, 2100, 100, 26
2026/04/04 00:19:56.668, 69.84, 2100, 100, 26
2026/04/04 00:19:56.778, 69.84, 2100, 100, 26
2026/04/04 00:19:56.888, 69.96, 2175, 100, 26
2026/04/04 00:19:56.999, 69.96, 2175, 100, 26
2026/04/04 00:19:57.107, 69.96, 2175, 100, 26
2026/04/04 00:19:57.217, 69.96, 2175, 100, 26
2026/04/04 00:19:57.326, 69.84, 2100, 100, 24
2026/04/04 00:19:57.435, 69.84, 2100, 100, 24
2026/04/04 00:19:57.546, 69.84, 2100, 100, 24
2026/04/04 00:19:57.655, 69.84, 2100, 100, 24
2026/04/04 00:19:57.765, 69.84, 2100, 100, 24
2026/04/04 00:19:57.874, 70.18, 2100, 100, 24
2026/04/04 00:19:57.982, 70.18, 2100, 100, 24
2026/04/04 00:19:58.091, 70.18, 2100, 100, 24
2026/04/04 00:19:58.199, 70.18, 2100, 100, 24
2026/04/04 00:19:58.308, 69.84, 2100, 100, 25
2026/04/04 00:19:58.417, 69.84, 2100, 100, 25
2026/04/04 00:19:58.526, 69.84, 2100, 100, 25
2026/04/04 00:19:58.637, 69.84, 2100, 100, 25
2026/04/04 00:19:58.747, 69.84, 2100, 100, 25
2026/04/04 00:19:58.857, 70.14, 2100, 100, 25
2026/04/04 00:19:58.967, 70.14, 2100, 100, 25
2026/04/04 00:19:59.077, 70.14, 2100, 100, 25
2026/04/04 00:19:59.188, 70.14, 2100, 100, 25
2026/04/04 00:19:59.297, 69.81, 2100, 100, 25
2026/04/04 00:19:59.406, 69.81, 2100, 100, 25
2026/04/04 00:19:59.513, 69.81, 2100, 100, 25
2026/04/04 00:19:59.621, 69.81, 2100, 100, 25
2026/04/04 00:19:59.732, 69.81, 2100, 100, 25
2026/04/04 00:19:59.842, 70.03, 2130, 100, 25
2026/04/04 00:19:59.951, 70.03, 2130, 100, 25
2026/04/04 00:20:00.061, 70.03, 2130, 100, 25
2026/04/04 00:20:00.172, 70.03, 2130, 100, 25
2026/04/04 00:20:00.280, 70.03, 2130, 100, 25
2026/04/04 00:20:00.390, 69.88, 2160, 100, 32
2026/04/04 00:20:00.498, 69.88, 2160, 100, 32
2026/04/04 00:20:00.607, 69.88, 2160, 100, 32
2026/04/04 00:20:00.717, 69.88, 2160, 100, 32
2026/04/04 00:20:00.828, 69.96, 2100, 100, 32
2026/04/04 00:20:00.937, 69.96, 2100, 100, 32
2026/04/04 00:20:01.047, 69.96, 2100, 100, 32
2026/04/04 00:20:01.158, 69.96, 2100, 100, 32
2026/04/04 00:20:01.268, 69.96, 2100, 100, 32
2026/04/04 00:20:01.378, 69.95, 2100, 100, 25
2026/04/04 00:20:01.488, 69.95, 2100, 100, 25
2026/04/04 00:20:01.598, 69.95, 2100, 100, 25
2026/04/04 00:20:01.705, 69.95, 2100, 100, 25
2026/04/04 00:20:01.814, 69.95, 2160, 100, 25
2026/04/04 00:20:01.924, 69.95, 2160, 100, 25
2026/04/04 00:20:02.034, 69.95, 2160, 100, 25
2026/04/04 00:20:02.143, 69.95, 2160, 100, 25
2026/04/04 00:20:02.253, 69.95, 2160, 100, 25
2026/04/04 00:20:02.363, 69.82, 2100, 100, 27
2026/04/04 00:20:02.471, 69.82, 2100, 100, 27
2026/04/04 00:20:02.581, 69.82, 2100, 100, 27
2026/04/04 00:20:02.691, 69.82, 2100, 100, 27
2026/04/04 00:20:02.799, 69.87, 2100, 100, 27
2026/04/04 00:20:02.908, 69.87, 2100, 100, 27
2026/04/04 00:20:03.017, 69.87, 2100, 100, 27
2026/04/04 00:20:03.125, 69.87, 2100, 100, 27
2026/04/04 00:20:03.235, 69.87, 2100, 100, 27
2026/04/04 00:20:03.346, 69.79, 2100, 100, 25
2026/04/04 00:20:03.456, 69.79, 2100, 100, 25
2026/04/04 00:20:03.567, 69.79, 2100, 100, 25
2026/04/04 00:20:03.676, 69.79, 2100, 100, 25
2026/04/04 00:20:03.787, 69.79, 2100, 100, 25
2026/04/04 00:20:03.898, 69.90, 2130, 100, 25
2026/04/04 00:20:04.008, 69.90, 2130, 100, 25
2026/04/04 00:20:04.119, 69.90, 2130, 100, 25
2026/04/04 00:20:04.229, 69.90, 2130, 100, 25
2026/04/04 00:20:04.339, 69.87, 2160, 100, 31
2026/04/04 00:20:04.448, 69.87, 2160, 100, 31
2026/04/04 00:20:04.558, 69.87, 2160, 100, 31
2026/04/04 00:20:04.667, 69.87, 2160, 100, 31
2026/04/04 00:20:04.776, 69.87, 2160, 100, 31
2026/04/04 00:20:04.887, 70.05, 2175, 100, 31
2026/04/04 00:20:04.998, 70.05, 2175, 100, 31
2026/04/04 00:20:05.109, 70.05, 2175, 100, 31
2026/04/04 00:20:05.220, 70.05, 2175, 100, 31
2026/04/04 00:20:05.331, 69.80, 2175, 100, 29
2026/04/04 00:20:05.440, 69.80, 2175, 100, 29
2026/04/04 00:20:05.551, 69.80, 2175, 100, 29
2026/04/04 00:20:05.662, 69.80, 2175, 100, 29
2026/04/04 00:20:05.773, 69.80, 2175, 100, 29
2026/04/04 00:20:05.884, 69.89, 2115, 100, 29
2026/04/04 00:20:05.993, 69.89, 2115, 100, 29
2026/04/04 00:20:06.104, 69.89, 2115, 100, 29
2026/04/04 00:20:06.214, 69.89, 2115, 100, 29
2026/04/04 00:20:06.324, 69.86, 2100, 100, 25
2026/04/04 00:20:06.435, 69.86, 2100, 100, 25
2026/04/04 00:20:06.546, 69.86, 2100, 100, 25
2026/04/04 00:20:06.657, 69.86, 2100, 100, 25
2026/04/04 00:20:06.767, 69.86, 2100, 100, 25
2026/04/04 00:20:06.876, 69.64, 2205, 100, 25
2026/04/04 00:20:06.987, 69.64, 2205, 100, 25
2026/04/04 00:20:07.098, 69.64, 2205, 100, 25
2026/04/04 00:20:07.209, 69.64, 2205, 100, 25
2026/04/04 00:20:07.319, 69.98, 2205, 100, 25
2026/04/04 00:20:07.428, 69.98, 2205, 100, 25
2026/04/04 00:20:07.539, 69.98, 2205, 100, 25
2026/04/04 00:20:07.650, 69.98, 2205, 100, 25
2026/04/04 00:20:07.759, 69.98, 2205, 100, 25
2026/04/04 00:20:07.869, 69.42, 2145, 100, 25
2026/04/04 00:20:07.978, 69.42, 2145, 100, 25
2026/04/04 00:20:08.089, 69.42, 2145, 100, 25
2026/04/04 00:20:08.200, 69.42, 2145, 100, 25
2026/04/04 00:20:08.310, 69.37, 2265, 100, 25
2026/04/04 00:20:08.420, 69.37, 2265, 100, 25
2026/04/04 00:20:08.531, 69.37, 2265, 100, 25
2026/04/04 00:20:08.640, 69.37, 2265, 100, 25
2026/04/04 00:20:08.750, 69.37, 2265, 100, 25
2026/04/04 00:20:08.861, 70.36, 2085, 100, 25
2026/04/04 00:20:08.971, 70.36, 2085, 100, 25
2026/04/04 00:20:09.081, 70.36, 2085, 100, 25
2026/04/04 00:20:09.192, 70.36, 2085, 100, 25
2026/04/04 00:20:09.300, 70.02, 2220, 100, 25
2026/04/04 00:20:09.413, 70.02, 2220, 100, 25
2026/04/04 00:20:09.521, 70.02, 2220, 100, 25
2026/04/04 00:20:09.651, 70.02, 2220, 100, 25
2026/04/04 00:20:09.756, 70.02, 2220, 100, 25
2026/04/04 00:20:09.868, 69.96, 2265, 100, 25
2026/04/04 00:20:09.979, 69.96, 2265, 100, 25
2026/04/04 00:20:10.088, 69.96, 2265, 100, 25
2026/04/04 00:20:10.197, 69.96, 2265, 100, 25
2026/04/04 00:20:10.307, 69.63, 2220, 100, 25
2026/04/04 00:20:10.419, 69.63, 2220, 100, 25
2026/04/04 00:20:10.529, 69.63, 2220, 100, 25
2026/04/04 00:20:10.637, 69.63, 2220, 100, 25
2026/04/04 00:20:10.751, 69.63, 2220, 100, 25
2026/04/04 00:20:10.857, 69.74, 2235, 100, 25
2026/04/04 00:20:10.967, 69.74, 2235, 100, 25
2026/04/04 00:20:11.079, 69.74, 2235, 100, 25
2026/04/04 00:20:11.192, 69.74, 2235, 100, 25
2026/04/04 00:20:11.300, 69.75, 2100, 100, 25
2026/04/04 00:20:11.415, 69.75, 2100, 100, 25
2026/04/04 00:20:11.523, 69.75, 2100, 100, 25
2026/04/04 00:20:11.632, 69.75, 2100, 100, 25
2026/04/04 00:20:11.744, 69.75, 2100, 100, 25
2026/04/04 00:20:11.855, 69.93, 2130, 100, 25
2026/04/04 00:20:11.965, 69.93, 2130, 100, 25
2026/04/04 00:20:12.074, 69.93, 2130, 100, 25
2026/04/04 00:20:12.183, 69.93, 2130, 100, 25
2026/04/04 00:20:12.292, 69.93, 2130, 100, 25
2026/04/04 00:20:12.403, 69.64, 2145, 100, 24
2026/04/04 00:20:12.513, 69.64, 2145, 100, 24
2026/04/04 00:20:12.624, 69.64, 2145, 100, 24
2026/04/04 00:20:12.739, 69.64, 2145, 100, 24
2026/04/04 00:20:12.850, 69.97, 2100, 100, 24
2026/04/04 00:20:12.959, 69.97, 2100, 100, 24
2026/04/04 00:20:13.064, 69.97, 2100, 100, 24
2026/04/04 00:20:13.178, 69.97, 2100, 100, 24
2026/04/04 00:20:13.285, 69.97, 2100, 100, 24
2026/04/04 00:20:13.395, 69.98, 2100, 100, 25
2026/04/04 00:20:13.506, 69.98, 2100, 100, 25
2026/04/04 00:20:13.617, 69.98, 2100, 100, 25
2026/04/04 00:20:13.726, 69.98, 2100, 100, 25
2026/04/04 00:20:13.837, 70.02, 2100, 100, 25
2026/04/04 00:20:13.948, 70.02, 2100, 100, 25
2026/04/04 00:20:14.064, 70.02, 2100, 100, 25
2026/04/04 00:20:14.170, 70.02, 2100, 100, 25
2026/04/04 00:20:14.281, 70.02, 2100, 100, 25
2026/04/04 00:20:14.392, 69.62, 2100, 100, 25
2026/04/04 00:20:14.504, 69.62, 2100, 100, 25
2026/04/04 00:20:14.613, 69.62, 2100, 100, 25
2026/04/04 00:20:14.734, 69.62, 2100, 100, 25
2026/04/04 00:20:14.852, 65.17, 2490, 100, 25
2026/04/04 00:20:14.961, 65.17, 2490, 100, 25
2026/04/04 00:20:15.069, 65.17, 2490, 100, 25
2026/04/04 00:20:15.179, 65.17, 2490, 100, 25
2026/04/04 00:20:15.289, 65.17, 2490, 100, 25
2026/04/04 00:20:15.400, 53.40, 2490, 89, 72
2026/04/04 00:20:15.508, 53.40, 2490, 89, 72
2026/04/04 00:20:15.619, 53.40, 2490, 89, 72
2026/04/04 00:20:15.728, 53.40, 2490, 89, 72
2026/04/04 00:20:15.837, 43.59, 2490, 89, 72
2026/04/04 00:20:15.947, 43.59, 2490, 89, 72
2026/04/04 00:20:16.056, 43.59, 2490, 89, 72
2026/04/04 00:20:16.165, 43.59, 2490, 89, 72
2026/04/04 00:20:16.274, 43.59, 2490, 89, 72
2026/04/04 00:20:16.385, 43.34, 2490, 79, 66
2026/04/04 00:20:16.496, 43.34, 2490, 79, 66
2026/04/04 00:20:16.604, 43.34, 2490, 79, 66
2026/04/04 00:20:16.714, 43.34, 2490, 79, 66
2026/04/04 00:20:16.824, 43.91, 2490, 79, 66
2026/04/04 00:20:16.933, 43.91, 2490, 79, 66
2026/04/04 00:20:17.042, 43.91, 2490, 79, 66
2026/04/04 00:20:17.149, 43.91, 2490, 79, 66
2026/04/04 00:20:17.259, 43.91, 2490, 79, 66
2026/04/04 00:20:17.369, 44.27, 2490, 91, 74
2026/04/04 00:20:17.479, 44.27, 2490, 91, 74
2026/04/04 00:20:17.588, 44.27, 2490, 91, 74
2026/04/04 00:20:17.696, 44.27, 2490, 91, 74
2026/04/04 00:20:17.807, 44.94, 2490, 91, 74
2026/04/04 00:20:17.917, 44.94, 2490, 91, 74
2026/04/04 00:20:18.028, 44.94, 2490, 91, 74
2026/04/04 00:20:18.136, 44.94, 2490, 91, 74
2026/04/04 00:20:18.246, 44.94, 2490, 91, 74
2026/04/04 00:20:18.356, 47.68, 2130, 100, 25
2026/04/04 00:20:18.467, 47.68, 2130, 100, 25
2026/04/04 00:20:18.576, 47.68, 2130, 100, 25
2026/04/04 00:20:18.685, 47.68, 2130, 100, 25
2026/04/04 00:20:18.797, 58.88, 2235, 100, 25
2026/04/04 00:20:18.908, 58.88, 2235, 100, 25
2026/04/04 00:20:19.016, 58.88, 2235, 100, 25
2026/04/04 00:20:19.127, 58.88, 2235, 100, 25
2026/04/04 00:20:19.235, 58.88, 2235, 100, 25
2026/04/04 00:20:19.345, 71.05, 2115, 100, 25
2026/04/04 00:20:19.455, 71.05, 2115, 100, 25
2026/04/04 00:20:19.565, 71.05, 2115, 100, 25
2026/04/04 00:20:19.675, 71.05, 2115, 100, 25
2026/04/04 00:20:19.785, 71.05, 2115, 100, 25
2026/04/04 00:20:19.894, 69.80, 2145, 100, 25
2026/04/04 00:20:20.005, 69.80, 2145, 100, 25
2026/04/04 00:20:20.114, 69.80, 2145, 100, 25
2026/04/04 00:20:20.231, 69.80, 2145, 100, 25
2026/04/04 00:20:20.341, 69.56, 2100, 100, 25
2026/04/04 00:20:20.451, 69.56, 2100, 100, 25
2026/04/04 00:20:20.556, 69.56, 2100, 100, 25
2026/04/04 00:20:20.667, 69.56, 2100, 100, 25
2026/04/04 00:20:20.778, 69.56, 2100, 100, 25
2026/04/04 00:20:20.887, 69.86, 2130, 100, 25
2026/04/04 00:20:20.996, 69.86, 2130, 100, 25
2026/04/04 00:20:21.107, 69.86, 2130, 100, 25
2026/04/04 00:20:21.216, 69.86, 2130, 100, 25
2026/04/04 00:20:21.327, 69.72, 2235, 100, 25
2026/04/04 00:20:21.437, 69.72, 2235, 100, 25
2026/04/04 00:20:21.547, 69.72, 2235, 100, 25
2026/04/04 00:20:21.657, 69.72, 2235, 100, 25
2026/04/04 00:20:21.766, 69.72, 2235, 100, 25
2026/04/04 00:20:21.876, 69.26, 2220, 100, 25
2026/04/04 00:20:21.987, 69.26, 2220, 100, 25
2026/04/04 00:20:22.096, 69.26, 2220, 100, 25
2026/04/04 00:20:22.207, 69.26, 2220, 100, 25
2026/04/04 00:20:22.317, 69.34, 2250, 100, 25
2026/04/04 00:20:22.426, 69.34, 2250, 100, 25
2026/04/04 00:20:22.537, 69.34, 2250, 100, 25
2026/04/04 00:20:22.648, 69.34, 2250, 100, 25
2026/04/04 00:20:22.757, 69.34, 2250, 100, 25
2026/04/04 00:20:22.863, 69.54, 2130, 100, 25
2026/04/04 00:20:22.972, 69.54, 2130, 100, 25
2026/04/04 00:20:23.083, 69.54, 2130, 100, 25
2026/04/04 00:20:23.193, 69.54, 2130, 100, 25
2026/04/04 00:20:23.303, 69.44, 2220, 100, 25
2026/04/04 00:20:23.413, 69.44, 2220, 100, 25
2026/04/04 00:20:23.523, 69.44, 2220, 100, 25
2026/04/04 00:20:23.633, 69.44, 2220, 100, 25
2026/04/04 00:20:23.743, 69.44, 2220, 100, 25
2026/04/04 00:20:23.851, 69.59, 2265, 100, 25
2026/04/04 00:20:23.963, 69.59, 2265, 100, 25
2026/04/04 00:20:24.072, 69.59, 2265, 100, 25
2026/04/04 00:20:24.185, 69.59, 2265, 100, 25
2026/04/04 00:20:24.290, 69.59, 2265, 100, 25
2026/04/04 00:20:24.402, 69.81, 2175, 100, 24
2026/04/04 00:20:24.513, 69.81, 2175, 100, 24
2026/04/04 00:20:24.621, 69.81, 2175, 100, 24
2026/04/04 00:20:24.732, 69.81, 2175, 100, 24
2026/04/04 00:20:24.842, 69.67, 2265, 100, 24
2026/04/04 00:20:24.952, 69.67, 2265, 100, 24
2026/04/04 00:20:25.060, 69.67, 2265, 100, 24
2026/04/04 00:20:25.170, 69.67, 2265, 100, 24
2026/04/04 00:20:25.281, 69.67, 2265, 100, 24
2026/04/04 00:20:25.392, 69.55, 2145, 100, 24
2026/04/04 00:20:25.501, 69.55, 2145, 100, 24
2026/04/04 00:20:25.613, 69.55, 2145, 100, 24
2026/04/04 00:20:25.719, 69.55, 2145, 100, 24
2026/04/04 00:20:25.828, 70.04, 2250, 100, 24
2026/04/04 00:20:25.938, 70.04, 2250, 100, 24
2026/04/04 00:20:26.047, 70.04, 2250, 100, 24
2026/04/04 00:20:26.158, 70.04, 2250, 100, 24
2026/04/04 00:20:26.269, 70.04, 2250, 100, 24
2026/04/04 00:20:26.379, 69.55, 2145, 100, 25
2026/04/04 00:20:26.490, 69.55, 2145, 100, 25
2026/04/04 00:20:26.600, 69.55, 2145, 100, 25
2026/04/04 00:20:26.710, 69.55, 2145, 100, 25
2026/04/04 00:20:26.819, 69.98, 2145, 100, 25
2026/04/04 00:20:26.930, 69.98, 2145, 100, 25
2026/04/04 00:20:27.042, 69.98, 2145, 100, 25
2026/04/04 00:20:27.150, 69.98, 2145, 100, 25
2026/04/04 00:20:27.261, 69.98, 2145, 100, 25
2026/04/04 00:20:27.371, 69.53, 2235, 100, 25
2026/04/04 00:20:27.480, 69.53, 2235, 100, 25
2026/04/04 00:20:27.591, 69.53, 2235, 100, 25
2026/04/04 00:20:27.702, 69.53, 2235, 100, 25
2026/04/04 00:20:27.814, 69.67, 2190, 100, 25
2026/04/04 00:20:27.926, 69.67, 2190, 100, 25
2026/04/04 00:20:28.038, 69.67, 2190, 100, 25
2026/04/04 00:20:28.146, 69.67, 2190, 100, 25
2026/04/04 00:20:28.254, 69.67, 2190, 100, 25
2026/04/04 00:20:28.364, 69.17, 2130, 100, 25
2026/04/04 00:20:28.474, 69.17, 2130, 100, 25
2026/04/04 00:20:28.584, 69.17, 2130, 100, 25
2026/04/04 00:20:28.695, 69.17, 2130, 100, 25
2026/04/04 00:20:28.805, 69.49, 2190, 100, 25
2026/04/04 00:20:28.914, 69.49, 2190, 100, 25
2026/04/04 00:20:29.024, 69.49, 2190, 100, 25
2026/04/04 00:20:29.135, 69.49, 2190, 100, 25
2026/04/04 00:20:29.247, 69.49, 2190, 100, 25
2026/04/04 00:20:29.357, 69.47, 2175, 100, 26
2026/04/04 00:20:29.465, 69.47, 2175, 100, 26
2026/04/04 00:20:29.576, 69.47, 2175, 100, 26
2026/04/04 00:20:29.685, 69.47, 2175, 100, 26
2026/04/04 00:20:29.797, 69.47, 2205, 100, 26
2026/04/04 00:20:29.907, 69.66, 2205, 100, 26
2026/04/04 00:20:30.015, 69.66, 2205, 100, 26
2026/04/04 00:20:30.127, 69.66, 2205, 100, 26
2026/04/04 00:20:30.238, 69.66, 2205, 100, 26
2026/04/04 00:20:30.348, 69.37, 2190, 100, 25
2026/04/04 00:20:30.458, 69.37, 2190, 100, 25
2026/04/04 00:20:30.569, 69.37, 2190, 100, 25
2026/04/04 00:20:30.677, 69.37, 2190, 100, 25
2026/04/04 00:20:30.788, 69.37, 2190, 100, 25
2026/04/04 00:20:30.899, 69.41, 2130, 100, 25
2026/04/04 00:20:31.007, 69.41, 2130, 100, 25
2026/04/04 00:20:31.117, 69.41, 2130, 100, 25
2026/04/04 00:20:31.228, 69.41, 2130, 100, 25
2026/04/04 00:20:31.337, 69.89, 2085, 100, 25
2026/04/04 00:20:31.448, 69.89, 2085, 100, 25
2026/04/04 00:20:31.560, 69.89, 2085, 100, 25
2026/04/04 00:20:31.667, 69.89, 2085, 100, 25
2026/04/04 00:20:31.776, 69.89, 2085, 100, 25
2026/04/04 00:20:31.883, 69.99, 2265, 100, 25
2026/04/04 00:20:31.993, 69.99, 2265, 100, 25
2026/04/04 00:20:32.103, 69.99, 2265, 100, 25
2026/04/04 00:20:32.212, 69.99, 2265, 100, 25
2026/04/04 00:20:32.323, 69.53, 2130, 100, 25
2026/04/04 00:20:32.434, 69.53, 2130, 100, 25
2026/04/04 00:20:32.541, 69.53, 2130, 100, 25
2026/04/04 00:20:32.651, 69.53, 2130, 100, 25
2026/04/04 00:20:32.761, 69.53, 2130, 100, 25
2026/04/04 00:20:32.871, 69.57, 2160, 100, 25
2026/04/04 00:20:32.982, 69.57, 2160, 100, 25
2026/04/04 00:20:33.093, 69.57, 2160, 100, 25
2026/04/04 00:20:33.204, 69.57, 2160, 100, 25
2026/04/04 00:20:33.315, 69.91, 2220, 100, 25
2026/04/04 00:20:33.426, 69.91, 2220, 100, 25
2026/04/04 00:20:33.536, 69.91, 2220, 100, 25
2026/04/04 00:20:33.647, 69.91, 2220, 100, 25
2026/04/04 00:20:33.756, 69.91, 2220, 100, 25
2026/04/04 00:20:33.865, 69.94, 2175, 100, 25
2026/04/04 00:20:33.976, 69.94, 2175, 100, 25
2026/04/04 00:20:34.086, 69.94, 2175, 100, 25
2026/04/04 00:20:34.195, 69.94, 2175, 100, 25
2026/04/04 00:20:34.306, 69.86, 2085, 100, 26
2026/04/04 00:20:34.417, 69.86, 2085, 100, 26
2026/04/04 00:20:34.527, 69.86, 2085, 100, 26
2026/04/04 00:20:34.638, 69.86, 2085, 100, 26
2026/04/04 00:20:34.749, 69.86, 2085, 100, 26
2026/04/04 00:20:34.860, 70.44, 2070, 100, 26
2026/04/04 00:20:34.974, 70.44, 2070, 100, 26
2026/04/04 00:20:35.080, 70.44, 2070, 100, 26
2026/04/04 00:20:35.192, 70.44, 2070, 100, 26
2026/04/04 00:20:35.301, 69.93, 2070, 100, 24
2026/04/04 00:20:35.411, 69.93, 2070, 100, 24
2026/04/04 00:20:35.522, 69.93, 2070, 100, 24
2026/04/04 00:20:35.633, 69.93, 2070, 100, 24
2026/04/04 00:20:35.741, 69.93, 2070, 100, 24
2026/04/04 00:20:35.850, 69.66, 2070, 100, 24
2026/04/04 00:20:35.959, 69.66, 2070, 100, 24
2026/04/04 00:20:36.069, 69.66, 2070, 100, 24
2026/04/04 00:20:36.181, 69.66, 2070, 100, 24
2026/04/04 00:20:36.292, 69.66, 2070, 100, 24
2026/04/04 00:20:36.404, 70.05, 2085, 100, 25
2026/04/04 00:20:36.515, 70.05, 2085, 100, 25
2026/04/04 00:20:36.625, 70.05, 2085, 100, 25
2026/04/04 00:20:36.733, 70.05, 2085, 100, 25
2026/04/04 00:20:36.841, 69.80, 2085, 100, 25
2026/04/04 00:20:36.953, 69.80, 2085, 100, 25
2026/04/04 00:20:37.062, 69.80, 2085, 100, 25
2026/04/04 00:20:37.174, 69.80, 2085, 100, 25
2026/04/04 00:20:37.284, 69.80, 2085, 100, 25
2026/04/04 00:20:37.393, 69.86, 2085, 100, 24
2026/04/04 00:20:37.504, 69.86, 2085, 100, 24
2026/04/04 00:20:37.615, 69.86, 2085, 100, 24
2026/04/04 00:20:37.725, 69.86, 2085, 100, 24
2026/04/04 00:20:37.834, 69.82, 2085, 100, 24
2026/04/04 00:20:37.943, 69.82, 2085, 100, 24
2026/04/04 00:20:38.053, 69.82, 2085, 100, 24
2026/04/04 00:20:38.162, 69.82, 2085, 100, 24
2026/04/04 00:20:38.271, 69.82, 2085, 100, 24
2026/04/04 00:20:38.381, 69.88, 2100, 100, 25
2026/04/04 00:20:38.490, 69.88, 2100, 100, 25
2026/04/04 00:20:38.600, 69.88, 2100, 100, 25
2026/04/04 00:20:38.711, 69.88, 2100, 100, 25
2026/04/04 00:20:38.820, 69.95, 2100, 100, 25
2026/04/04 00:20:38.930, 69.95, 2100, 100, 25
2026/04/04 00:20:39.040, 69.95, 2100, 100, 25
2026/04/04 00:20:39.149, 69.95, 2100, 100, 25
2026/04/04 00:20:39.257, 69.95, 2100, 100, 25
2026/04/04 00:20:39.369, 69.90, 2085, 100, 25
2026/04/04 00:20:39.477, 69.90, 2085, 100, 25
2026/04/04 00:20:39.587, 69.90, 2085, 100, 25
2026/04/04 00:20:39.694, 69.90, 2085, 100, 25
2026/04/04 00:20:39.805, 69.88, 2085, 100, 25
2026/04/04 00:20:39.916, 69.88, 2085, 100, 25
2026/04/04 00:20:40.026, 69.88, 2085, 100, 25
2026/04/04 00:20:40.136, 69.88, 2085, 100, 25
2026/04/04 00:20:40.246, 69.88, 2085, 100, 25
2026/04/04 00:20:40.356, 69.96, 2100, 100, 24
2026/04/04 00:20:40.467, 69.96, 2100, 100, 24
2026/04/04 00:20:40.578, 69.96, 2100, 100, 24
2026/04/04 00:20:40.687, 69.96, 2100, 100, 24
2026/04/04 00:20:40.799, 69.96, 2100, 100, 24
2026/04/04 00:20:40.910, 69.97, 2100, 100, 24
2026/04/04 00:20:41.018, 69.97, 2100, 100, 24
2026/04/04 00:20:41.128, 69.97, 2100, 100, 24
2026/04/04 00:20:41.239, 69.97, 2100, 100, 24
2026/04/04 00:20:41.350, 69.91, 2100, 100, 25
2026/04/04 00:20:41.459, 69.91, 2100, 100, 25
2026/04/04 00:20:41.569, 69.91, 2100, 100, 25
2026/04/04 00:20:41.679, 69.91, 2100, 100, 25
2026/04/04 00:20:41.789, 69.91, 2100, 100, 25
2026/04/04 00:20:41.900, 69.92, 2100, 100, 25
2026/04/04 00:20:42.006, 69.92, 2100, 100, 25
2026/04/04 00:20:42.118, 69.92, 2100, 100, 25
2026/04/04 00:20:42.226, 69.92, 2100, 100, 25
2026/04/04 00:20:42.336, 69.95, 2100, 100, 25
2026/04/04 00:20:42.445, 69.95, 2100, 100, 25
2026/04/04 00:20:42.556, 69.95, 2100, 100, 25
2026/04/04 00:20:42.665, 69.95, 2100, 100, 25
2026/04/04 00:20:42.775, 69.95, 2100, 100, 25
2026/04/04 00:20:42.884, 69.90, 2100, 100, 25
2026/04/04 00:20:42.993, 69.90, 2100, 100, 25
2026/04/04 00:20:43.105, 69.90, 2100, 100, 25
2026/04/04 00:20:43.214, 69.90, 2100, 100, 25
2026/04/04 00:20:43.324, 69.89, 2100, 100, 24
2026/04/04 00:20:43.434, 69.89, 2100, 100, 24
2026/04/04 00:20:43.545, 69.89, 2100, 100, 24
2026/04/04 00:20:43.655, 69.89, 2100, 100, 24
2026/04/04 00:20:43.765, 69.89, 2100, 100, 24
2026/04/04 00:20:43.875, 69.91, 2100, 100, 24
2026/04/04 00:20:43.986, 69.91, 2100, 100, 24
2026/04/04 00:20:44.095, 69.91, 2100, 100, 24
2026/04/04 00:20:44.204, 69.91, 2100, 100, 24
2026/04/04 00:20:44.315, 69.81, 2220, 100, 25
2026/04/04 00:20:44.425, 69.81, 2220, 100, 25
2026/04/04 00:20:44.533, 69.81, 2220, 100, 25
2026/04/04 00:20:44.642, 69.81, 2220, 100, 25
2026/04/04 00:20:44.752, 69.81, 2220, 100, 25
2026/04/04 00:20:44.862, 58.84, 2490, 100, 25
2026/04/04 00:20:44.971, 58.84, 2490, 100, 25
2026/04/04 00:20:45.080, 58.84, 2490, 100, 25
2026/04/04 00:20:45.188, 58.84, 2490, 100, 25
2026/04/04 00:20:45.295, 58.84, 2490, 100, 25
2026/04/04 00:20:45.403, 48.14, 2490, 79, 74
2026/04/04 00:20:45.512, 48.14, 2490, 79, 74
2026/04/04 00:20:45.621, 48.14, 2490, 79, 74
2026/04/04 00:20:45.730, 48.14, 2490, 79, 74
2026/04/04 00:20:45.839, 46.09, 2490, 79, 74
2026/04/04 00:20:45.947, 46.09, 2490, 79, 74
2026/04/04 00:20:46.057, 46.09, 2490, 79, 74
2026/04/04 00:20:46.166, 46.09, 2490, 79, 74
2026/04/04 00:20:46.276, 46.09, 2490, 79, 74
2026/04/04 00:20:46.386, 45.87, 2490, 81, 75
2026/04/04 00:20:46.496, 45.87, 2490, 81, 75
2026/04/04 00:20:46.611, 45.87, 2490, 81, 75
2026/04/04 00:20:46.715, 45.87, 2490, 81, 75
2026/04/04 00:20:46.821, 45.34, 2490, 81, 75
2026/04/04 00:20:46.930, 45.34, 2490, 81, 75
2026/04/04 00:20:47.040, 45.34, 2490, 81, 75
2026/04/04 00:20:47.150, 45.34, 2490, 81, 75
2026/04/04 00:20:47.259, 45.34, 2490, 81, 75
2026/04/04 00:20:47.367, 45.50, 2490, 88, 82
2026/04/04 00:20:47.475, 45.50, 2490, 88, 82
2026/04/04 00:20:47.584, 45.50, 2490, 88, 82
2026/04/04 00:20:47.692, 45.50, 2490, 88, 82
2026/04/04 00:20:47.802, 45.84, 2490, 88, 82
2026/04/04 00:20:47.910, 45.84, 2490, 88, 82
2026/04/04 00:20:48.019, 45.84, 2490, 88, 82
2026/04/04 00:20:48.129, 45.84, 2490, 88, 82
2026/04/04 00:20:48.239, 45.84, 2490, 88, 82
2026/04/04 00:20:48.347, 49.47, 1980, 91, 35
2026/04/04 00:20:48.457, 49.47, 1980, 91, 35
2026/04/04 00:20:48.567, 49.47, 1980, 91, 35
2026/04/04 00:20:48.677, 49.47, 1980, 91, 35
2026/04/04 00:20:48.787, 49.47, 1980, 91, 35
2026/04/04 00:20:48.896, 61.21, 2085, 91, 35
2026/04/04 00:20:49.006, 61.21, 2085, 91, 35
2026/04/04 00:20:49.115, 61.21, 2085, 91, 35
2026/04/04 00:20:49.225, 61.21, 2085, 91, 35
2026/04/04 00:20:49.336, 71.87, 2100, 100, 24
2026/04/04 00:20:49.446, 71.87, 2100, 100, 24
2026/04/04 00:20:49.554, 71.87, 2100, 100, 24
2026/04/04 00:20:49.663, 71.87, 2100, 100, 24
2026/04/04 00:20:49.773, 71.87, 2100, 100, 24
2026/04/04 00:20:49.882, 69.88, 2100, 100, 24
2026/04/04 00:20:49.991, 69.88, 2100, 100, 24
2026/04/04 00:20:50.102, 69.88, 2100, 100, 24
2026/04/04 00:20:50.212, 69.88, 2100, 100, 24
2026/04/04 00:20:50.323, 69.89, 2085, 100, 24
2026/04/04 00:20:50.434, 69.89, 2085, 100, 24
2026/04/04 00:20:50.543, 69.89, 2085, 100, 24
2026/04/04 00:20:50.653, 69.89, 2085, 100, 24
2026/04/04 00:20:50.761, 69.89, 2085, 100, 24
2026/04/04 00:20:50.872, 69.85, 2100, 100, 24
2026/04/04 00:20:50.980, 69.85, 2100, 100, 24
2026/04/04 00:20:51.090, 69.85, 2100, 100, 24
2026/04/04 00:20:51.197, 69.85, 2100, 100, 24
2026/04/04 00:20:51.306, 69.89, 2100, 100, 25
2026/04/04 00:20:51.416, 69.89, 2100, 100, 25
2026/04/04 00:20:51.526, 69.89, 2100, 100, 25
2026/04/04 00:20:51.636, 69.89, 2100, 100, 25
2026/04/04 00:20:51.746, 69.89, 2100, 100, 25
2026/04/04 00:20:51.857, 69.83, 2115, 100, 25
2026/04/04 00:20:51.964, 69.83, 2115, 100, 25
2026/04/04 00:20:52.073, 69.83, 2115, 100, 25
2026/04/04 00:20:52.180, 69.83, 2115, 100, 25
2026/04/04 00:20:52.288, 69.83, 2115, 100, 25
2026/04/04 00:20:52.397, 69.87, 2085, 100, 25
2026/04/04 00:20:52.507, 69.87, 2085, 100, 25
2026/04/04 00:20:52.617, 69.87, 2085, 100, 25
2026/04/04 00:20:52.727, 69.87, 2085, 100, 25
2026/04/04 00:20:52.837, 70.05, 2100, 100, 25
2026/04/04 00:20:52.944, 70.05, 2100, 100, 25
2026/04/04 00:20:53.053, 70.05, 2100, 100, 25
2026/04/04 00:20:53.163, 70.05, 2100, 100, 25
2026/04/04 00:20:53.273, 70.05, 2100, 100, 25
2026/04/04 00:20:53.382, 69.88, 2100, 100, 24
2026/04/04 00:20:53.490, 69.88, 2100, 100, 24
2026/04/04 00:20:53.598, 69.88, 2100, 100, 24
2026/04/04 00:20:53.709, 69.88, 2100, 100, 24
2026/04/04 00:20:53.820, 70.00, 2070, 100, 24
2026/04/04 00:20:53.930, 70.00, 2070, 100, 24
2026/04/04 00:20:54.040, 70.00, 2070, 100, 24
2026/04/04 00:20:54.149, 70.00, 2070, 100, 24
2026/04/04 00:20:54.260, 70.00, 2070, 100, 24
2026/04/04 00:20:54.370, 69.91, 2100, 100, 25
2026/04/04 00:20:54.480, 69.91, 2100, 100, 25
2026/04/04 00:20:54.591, 69.91, 2100, 100, 25
2026/04/04 00:20:54.703, 69.91, 2100, 100, 25
2026/04/04 00:20:54.812, 69.91, 2100, 100, 25
2026/04/04 00:20:54.921, 69.91, 2100, 100, 25
2026/04/04 00:20:55.031, 69.91, 2100, 100, 25
2026/04/04 00:20:55.139, 69.91, 2100, 100, 25
2026/04/04 00:20:55.249, 69.91, 2100, 100, 25
2026/04/04 00:20:55.360, 69.91, 2070, 100, 25
2026/04/04 00:20:55.471, 69.91, 2070, 100, 25
2026/04/04 00:20:55.581, 69.91, 2070, 100, 25
2026/04/04 00:20:55.691, 69.91, 2070, 100, 25
2026/04/04 00:20:55.802, 69.91, 2070, 100, 25
2026/04/04 00:20:55.912, 69.94, 2100, 100, 25
2026/04/04 00:20:56.021, 69.94, 2100, 100, 25
2026/04/04 00:20:56.131, 69.94, 2100, 100, 25
2026/04/04 00:20:56.241, 69.94, 2100, 100, 25
2026/04/04 00:20:56.351, 69.93, 2100, 100, 24
2026/04/04 00:20:56.460, 69.93, 2100, 100, 24
2026/04/04 00:20:56.568, 69.93, 2100, 100, 24
2026/04/04 00:20:56.678, 69.93, 2100, 100, 24
2026/04/04 00:20:56.786, 69.93, 2100, 100, 24
2026/04/04 00:20:56.896, 70.04, 2055, 100, 24
2026/04/04 00:20:57.005, 70.04, 2055, 100, 24
2026/04/04 00:20:57.116, 70.04, 2055, 100, 24
2026/04/04 00:20:57.224, 70.04, 2055, 100, 24
2026/04/04 00:20:57.334, 69.92, 2100, 100, 25
2026/04/04 00:20:57.444, 69.92, 2100, 100, 25
2026/04/04 00:20:57.554, 69.92, 2100, 100, 25
2026/04/04 00:20:57.664, 69.92, 2100, 100, 25
2026/04/04 00:20:57.774, 69.92, 2100, 100, 25
2026/04/04 00:20:57.884, 69.93, 2100, 100, 25
2026/04/04 00:20:57.994, 69.93, 2100, 100, 25
2026/04/04 00:20:58.104, 69.93, 2100, 100, 25
2026/04/04 00:20:58.216, 69.93, 2100, 100, 25
2026/04/04 00:20:58.324, 70.02, 2085, 100, 25
2026/04/04 00:20:58.433, 70.02, 2085, 100, 25
2026/04/04 00:20:58.549, 70.02, 2085, 100, 25
2026/04/04 00:20:58.658, 70.02, 2085, 100, 25
2026/04/04 00:20:58.766, 70.02, 2085, 100, 25
2026/04/04 00:20:58.876, 69.97, 2085, 100, 25
2026/04/04 00:20:58.984, 69.97, 2085, 100, 25
2026/04/04 00:20:59.093, 69.97, 2085, 100, 25
2026/04/04 00:20:59.204, 69.97, 2085, 100, 25
2026/04/04 00:20:59.312, 70.07, 2085, 100, 25
2026/04/04 00:20:59.422, 70.07, 2085, 100, 25
2026/04/04 00:20:59.531, 70.07, 2085, 100, 25
2026/04/04 00:20:59.642, 70.07, 2085, 100, 25
2026/04/04 00:20:59.752, 70.07, 2085, 100, 25
2026/04/04 00:20:59.863, 69.97, 2085, 100, 25
2026/04/04 00:20:59.972, 69.97, 2085, 100, 25
2026/04/04 00:21:00.084, 69.97, 2085, 100, 25
2026/04/04 00:21:00.194, 69.97, 2085, 100, 25
2026/04/04 00:21:00.304, 69.97, 2085, 100, 24
2026/04/04 00:21:00.413, 69.97, 2085, 100, 24
2026/04/04 00:21:00.523, 69.97, 2085, 100, 24
2026/04/04 00:21:00.631, 69.97, 2085, 100, 24
2026/04/04 00:21:00.742, 69.97, 2085, 100, 24
2026/04/04 00:21:00.850, 69.87, 2100, 100, 24
2026/04/04 00:21:00.961, 69.87, 2100, 100, 24
2026/04/04 00:21:01.070, 69.87, 2100, 100, 24
2026/04/04 00:21:01.179, 69.87, 2100, 100, 24
2026/04/04 00:21:01.289, 69.87, 2100, 100, 24
2026/04/04 00:21:01.398, 69.92, 2100, 100, 25
2026/04/04 00:21:01.506, 69.92, 2100, 100, 25
2026/04/04 00:21:01.618, 69.92, 2100, 100, 25
2026/04/04 00:21:01.724, 69.92, 2100, 100, 25
2026/04/04 00:21:01.832, 69.82, 2085, 100, 25
2026/04/04 00:21:01.941, 69.82, 2085, 100, 25
2026/04/04 00:21:02.048, 69.82, 2085, 100, 25
2026/04/04 00:21:02.157, 69.82, 2085, 100, 25
2026/04/04 00:21:02.267, 69.82, 2085, 100, 25
2026/04/04 00:21:02.377, 69.92, 2100, 100, 25
2026/04/04 00:21:02.488, 69.92, 2100, 100, 25
2026/04/04 00:21:02.597, 69.92, 2100, 100, 25
2026/04/04 00:21:02.706, 69.92, 2100, 100, 25
2026/04/04 00:21:02.815, 69.93, 2085, 100, 25
2026/04/04 00:21:02.926, 69.93, 2085, 100, 25
2026/04/04 00:21:03.034, 69.93, 2085, 100, 25
2026/04/04 00:21:03.145, 69.93, 2085, 100, 25
2026/04/04 00:21:03.256, 69.93, 2085, 100, 25
2026/04/04 00:21:03.365, 69.96, 2100, 100, 24
2026/04/04 00:21:03.473, 69.96, 2100, 100, 24
2026/04/04 00:21:03.585, 69.96, 2100, 100, 24
2026/04/04 00:21:03.696, 69.96, 2100, 100, 24
2026/04/04 00:21:03.808, 70.01, 2100, 100, 24
2026/04/04 00:21:03.916, 70.01, 2100, 100, 24
2026/04/04 00:21:04.027, 70.01, 2100, 100, 24
2026/04/04 00:21:04.137, 70.01, 2100, 100, 24
2026/04/04 00:21:04.244, 70.01, 2100, 100, 24
2026/04/04 00:21:04.353, 69.86, 2100, 100, 25
2026/04/04 00:21:04.460, 69.86, 2100, 100, 25
2026/04/04 00:21:04.570, 69.86, 2100, 100, 25
2026/04/04 00:21:04.679, 69.86, 2100, 100, 25
2026/04/04 00:21:04.788, 69.86, 2100, 100, 25
2026/04/04 00:21:04.900, 69.96, 2100, 100, 25
2026/04/04 00:21:05.009, 69.96, 2100, 100, 25
2026/04/04 00:21:05.120, 69.96, 2100, 100, 25
2026/04/04 00:21:05.231, 69.96, 2100, 100, 25
2026/04/04 00:21:05.341, 69.94, 2085, 100, 24
2026/04/04 00:21:05.451, 69.94, 2085, 100, 24
2026/04/04 00:21:05.562, 69.94, 2085, 100, 24
2026/04/04 00:21:05.673, 69.94, 2085, 100, 24
2026/04/04 00:21:05.782, 69.94, 2085, 100, 24
2026/04/04 00:21:05.892, 70.05, 2070, 100, 24
2026/04/04 00:21:05.999, 70.05, 2070, 100, 24
2026/04/04 00:21:06.109, 70.05, 2070, 100, 24
2026/04/04 00:21:06.220, 70.05, 2070, 100, 24
2026/04/04 00:21:06.331, 69.96, 2085, 100, 25
2026/04/04 00:21:06.442, 69.96, 2085, 100, 25
2026/04/04 00:21:06.552, 69.96, 2085, 100, 25
2026/04/04 00:21:06.663, 69.96, 2085, 100, 25
2026/04/04 00:21:06.773, 69.96, 2085, 100, 25
2026/04/04 00:21:06.881, 70.00, 2070, 100, 25
2026/04/04 00:21:06.991, 70.00, 2070, 100, 25
2026/04/04 00:21:07.099, 70.00, 2070, 100, 25
2026/04/04 00:21:07.210, 70.00, 2070, 100, 25
2026/04/04 00:21:07.320, 69.93, 2085, 100, 24
2026/04/04 00:21:07.430, 69.93, 2085, 100, 24
2026/04/04 00:21:07.538, 69.93, 2085, 100, 24
2026/04/04 00:21:07.649, 69.93, 2085, 100, 24
2026/04/04 00:21:07.759, 69.93, 2085, 100, 24
2026/04/04 00:21:07.866, 70.02, 2070, 100, 24
2026/04/04 00:21:07.976, 70.02, 2070, 100, 24
2026/04/04 00:21:08.086, 70.02, 2070, 100, 24
2026/04/04 00:21:08.195, 70.02, 2070, 100, 24
2026/04/04 00:21:08.303, 70.02, 2070, 100, 24
2026/04/04 00:21:08.413, 70.03, 2070, 100, 25
2026/04/04 00:21:08.523, 70.03, 2070, 100, 25
2026/04/04 00:21:08.630, 70.03, 2070, 100, 25
2026/04/04 00:21:08.739, 70.03, 2070, 100, 25
2026/04/04 00:21:08.850, 70.00, 2085, 100, 25
2026/04/04 00:21:08.960, 70.00, 2085, 100, 25
2026/04/04 00:21:09.070, 70.00, 2085, 100, 25
2026/04/04 00:21:09.179, 70.00, 2085, 100, 25
2026/04/04 00:21:09.291, 70.00, 2085, 100, 25
2026/04/04 00:21:09.399, 69.99, 2100, 100, 24
2026/04/04 00:21:09.508, 69.99, 2100, 100, 24
2026/04/04 00:21:09.620, 69.99, 2100, 100, 24
2026/04/04 00:21:09.730, 69.99, 2100, 100, 24
2026/04/04 00:21:09.839, 69.94, 2085, 100, 24
2026/04/04 00:21:09.949, 69.94, 2085, 100, 24
2026/04/04 00:21:10.060, 69.94, 2085, 100, 24
2026/04/04 00:21:10.170, 69.94, 2085, 100, 24
2026/04/04 00:21:10.281, 69.94, 2085, 100, 24
2026/04/04 00:21:10.392, 69.92, 2115, 100, 24
2026/04/04 00:21:10.501, 69.92, 2115, 100, 24
2026/04/04 00:21:10.612, 69.92, 2115, 100, 24
2026/04/04 00:21:10.723, 69.92, 2115, 100, 24
2026/04/04 00:21:10.833, 70.01, 2100, 100, 24
2026/04/04 00:21:10.944, 70.01, 2100, 100, 24
2026/04/04 00:21:11.054, 70.01, 2100, 100, 24
2026/04/04 00:21:11.165, 70.01, 2100, 100, 24
2026/04/04 00:21:11.274, 70.01, 2100, 100, 24
2026/04/04 00:21:11.383, 69.90, 2070, 100, 25
2026/04/04 00:21:11.494, 69.90, 2070, 100, 25
2026/04/04 00:21:11.605, 69.90, 2070, 100, 25
2026/04/04 00:21:11.717, 69.90, 2070, 100, 25
2026/04/04 00:21:11.827, 70.02, 2085, 100, 25
2026/04/04 00:21:11.938, 70.02, 2085, 100, 25
2026/04/04 00:21:12.049, 70.02, 2085, 100, 25
2026/04/04 00:21:12.158, 70.02, 2085, 100, 25
2026/04/04 00:21:12.268, 70.02, 2085, 100, 25
2026/04/04 00:21:12.379, 69.93, 2085, 100, 25
2026/04/04 00:21:12.490, 69.93, 2085, 100, 25
2026/04/04 00:21:12.601, 69.93, 2085, 100, 25
2026/04/04 00:21:12.712, 69.93, 2085, 100, 25
2026/04/04 00:21:12.821, 69.91, 2085, 100, 25
2026/04/04 00:21:12.932, 69.91, 2085, 100, 25
2026/04/04 00:21:13.043, 69.91, 2085, 100, 25
2026/04/04 00:21:13.154, 69.91, 2085, 100, 25
2026/04/04 00:21:13.265, 69.91, 2085, 100, 25
2026/04/04 00:21:13.376, 69.99, 2100, 100, 25
2026/04/04 00:21:13.486, 69.99, 2100, 100, 25
2026/04/04 00:21:13.596, 69.99, 2100, 100, 25
2026/04/04 00:21:13.706, 69.99, 2100, 100, 25
2026/04/04 00:21:13.816, 69.99, 2085, 100, 25
2026/04/04 00:21:13.925, 69.99, 2085, 100, 25
2026/04/04 00:21:14.037, 69.99, 2085, 100, 25
2026/04/04 00:21:14.147, 69.99, 2085, 100, 25
2026/04/04 00:21:14.258, 69.99, 2085, 100, 25
2026/04/04 00:21:14.368, 68.39, 2490, 95, 67
2026/04/04 00:21:14.479, 68.39, 2490, 95, 67
2026/04/04 00:21:14.587, 68.39, 2490, 95, 67
2026/04/04 00:21:14.696, 68.39, 2490, 95, 67
2026/04/04 00:21:14.805, 68.39, 2490, 95, 67
2026/04/04 00:21:14.915, 58.07, 2490, 95, 67
2026/04/04 00:21:15.025, 58.07, 2490, 95, 67
2026/04/04 00:21:15.134, 58.07, 2490, 95, 67
2026/04/04 00:21:15.243, 58.07, 2490, 95, 67
2026/04/04 00:21:15.351, 48.24, 2490, 92, 85
2026/04/04 00:21:15.460, 48.24, 2490, 92, 85
2026/04/04 00:21:15.569, 48.24, 2490, 92, 85
2026/04/04 00:21:15.679, 48.24, 2490, 92, 85
2026/04/04 00:21:15.787, 48.24, 2490, 92, 85
2026/04/04 00:21:15.898, 48.23, 2490, 92, 85
2026/04/04 00:21:16.007, 48.23, 2490, 92, 85
2026/04/04 00:21:16.116, 48.23, 2490, 92, 85
2026/04/04 00:21:16.225, 48.23, 2490, 92, 85
2026/04/04 00:21:16.331, 48.33, 2490, 91, 85
2026/04/04 00:21:16.440, 48.33, 2490, 91, 85
2026/04/04 00:21:16.551, 48.33, 2490, 91, 85
2026/04/04 00:21:16.662, 48.33, 2490, 91, 85
2026/04/04 00:21:16.771, 48.33, 2490, 91, 85
2026/04/04 00:21:16.880, 48.32, 2490, 91, 85
2026/04/04 00:21:16.988, 48.32, 2490, 91, 85
2026/04/04 00:21:17.095, 48.32, 2490, 91, 85
2026/04/04 00:21:17.204, 48.32, 2490, 91, 85
2026/04/04 00:21:17.314, 48.31, 2490, 93, 86
2026/04/04 00:21:17.424, 48.31, 2490, 93, 86
2026/04/04 00:21:17.532, 48.31, 2490, 93, 86
2026/04/04 00:21:17.642, 48.31, 2490, 93, 86
2026/04/04 00:21:17.752, 48.31, 2490, 93, 86
2026/04/04 00:21:17.861, 48.60, 2490, 93, 86
2026/04/04 00:21:17.970, 48.60, 2490, 93, 86
2026/04/04 00:21:18.079, 48.60, 2490, 93, 86
2026/04/04 00:21:18.189, 48.60, 2490, 93, 86
2026/04/04 00:21:18.298, 48.60, 2490, 93, 86
2026/04/04 00:21:18.408, 50.12, 2130, 95, 64
2026/04/04 00:21:18.517, 50.12, 2130, 95, 64
2026/04/04 00:21:18.625, 50.12, 2130, 95, 64
2026/04/04 00:21:18.733, 50.12, 2130, 95, 64
2026/04/04 00:21:18.842, 60.86, 2115, 95, 64
2026/04/04 00:21:18.951, 60.86, 2115, 95, 64
2026/04/04 00:21:19.061, 60.86, 2115, 95, 64
2026/04/04 00:21:19.170, 60.86, 2115, 95, 64
2026/04/04 00:21:19.280, 60.86, 2115, 95, 64
2026/04/04 00:21:19.389, 70.96, 2055, 100, 24
2026/04/04 00:21:19.498, 70.96, 2055, 100, 24
2026/04/04 00:21:19.607, 70.96, 2055, 100, 24
2026/04/04 00:21:19.718, 70.96, 2055, 100, 24
2026/04/04 00:21:19.825, 70.23, 2115, 100, 24
2026/04/04 00:21:19.934, 70.23, 2115, 100, 24
2026/04/04 00:21:20.046, 70.23, 2115, 100, 24
2026/04/04 00:21:20.154, 70.23, 2115, 100, 24
2026/04/04 00:21:20.263, 70.23, 2115, 100, 24
2026/04/04 00:21:20.371, 69.76, 2070, 100, 24
2026/04/04 00:21:20.479, 69.76, 2070, 100, 24
2026/04/04 00:21:20.590, 69.76, 2070, 100, 24
2026/04/04 00:21:20.698, 69.76, 2070, 100, 24
2026/04/04 00:21:20.808, 70.25, 2115, 100, 24
2026/04/04 00:21:20.918, 70.25, 2115, 100, 24
2026/04/04 00:21:21.027, 70.25, 2115, 100, 24
2026/04/04 00:21:21.136, 70.25, 2115, 100, 24
2026/04/04 00:21:21.245, 70.25, 2115, 100, 24
2026/04/04 00:21:21.355, 69.75, 2070, 100, 25
2026/04/04 00:21:21.465, 69.75, 2070, 100, 25
2026/04/04 00:21:21.574, 69.75, 2070, 100, 25
2026/04/04 00:21:21.682, 69.75, 2070, 100, 25
2026/04/04 00:21:21.792, 69.75, 2070, 100, 25
2026/04/04 00:21:21.902, 69.97, 2130, 100, 25
2026/04/04 00:21:22.011, 69.97, 2130, 100, 25
2026/04/04 00:21:22.120, 69.97, 2130, 100, 25
2026/04/04 00:21:22.230, 69.97, 2130, 100, 25
2026/04/04 00:21:22.340, 69.86, 2070, 100, 24
2026/04/04 00:21:22.451, 69.86, 2070, 100, 24
2026/04/04 00:21:22.561, 69.86, 2070, 100, 24
2026/04/04 00:21:22.673, 69.86, 2070, 100, 24
2026/04/04 00:21:22.782, 69.86, 2070, 100, 24
2026/04/04 00:21:22.891, 70.12, 2100, 100, 24
2026/04/04 00:21:23.001, 70.12, 2100, 100, 24
2026/04/04 00:21:23.111, 70.12, 2100, 100, 24
2026/04/04 00:21:23.220, 70.12, 2100, 100, 24
2026/04/04 00:21:23.328, 69.82, 2085, 100, 25
2026/04/04 00:21:23.438, 69.82, 2085, 100, 25
2026/04/04 00:21:23.547, 69.82, 2085, 100, 25
2026/04/04 00:21:23.656, 69.82, 2085, 100, 25
2026/04/04 00:21:23.765, 69.82, 2085, 100, 25
2026/04/04 00:21:23.874, 69.97, 2100, 100, 25
2026/04/04 00:21:23.984, 69.97, 2100, 100, 25
2026/04/04 00:21:24.094, 69.97, 2100, 100, 25
2026/04/04 00:21:24.201, 69.97, 2100, 100, 25
2026/04/04 00:21:24.310, 69.77, 2085, 100, 24
2026/04/04 00:21:24.419, 69.77, 2085, 100, 24
2026/04/04 00:21:24.528, 69.77, 2085, 100, 24
2026/04/04 00:21:24.638, 69.77, 2085, 100, 24
2026/04/04 00:21:24.748, 69.77, 2085, 100, 24
2026/04/04 00:21:24.856, 70.04, 2100, 100, 24
2026/04/04 00:21:24.964, 70.04, 2100, 100, 24
2026/04/04 00:21:25.075, 70.04, 2100, 100, 24
2026/04/04 00:21:25.184, 70.04, 2100, 100, 24
2026/04/04 00:21:25.293, 70.04, 2100, 100, 24
2026/04/04 00:21:25.402, 69.86, 2100, 100, 25
2026/04/04 00:21:25.510, 69.86, 2100, 100, 25
2026/04/04 00:21:25.621, 69.86, 2100, 100, 25
2026/04/04 00:21:25.729, 69.86, 2100, 100, 25
2026/04/04 00:21:25.840, 69.95, 2085, 100, 25
2026/04/04 00:21:25.948, 69.95, 2085, 100, 25
2026/04/04 00:21:26.060, 69.95, 2085, 100, 25
2026/04/04 00:21:26.169, 69.95, 2085, 100, 25
2026/04/04 00:21:26.279, 69.95, 2085, 100, 25
2026/04/04 00:21:26.389, 69.91, 2085, 100, 24
2026/04/04 00:21:26.498, 69.91, 2085, 100, 24
2026/04/04 00:21:26.609, 69.91, 2085, 100, 24
2026/04/04 00:21:26.719, 69.91, 2085, 100, 24
2026/04/04 00:21:26.828, 70.03, 2085, 100, 24
2026/04/04 00:21:26.938, 70.03, 2085, 100, 24
2026/04/04 00:21:27.047, 70.03, 2085, 100, 24
2026/04/04 00:21:27.158, 70.03, 2085, 100, 24
2026/04/04 00:21:27.267, 70.03, 2085, 100, 24
2026/04/04 00:21:27.377, 69.90, 2085, 100, 25
2026/04/04 00:21:27.488, 69.90, 2085, 100, 25
2026/04/04 00:21:27.606, 69.90, 2085, 100, 25
2026/04/04 00:21:27.707, 69.90, 2085, 100, 25
2026/04/04 00:21:27.816, 70.03, 2085, 100, 25
2026/04/04 00:21:27.925, 70.03, 2085, 100, 25
2026/04/04 00:21:28.034, 70.03, 2085, 100, 25
2026/04/04 00:21:28.143, 70.03, 2085, 100, 25
2026/04/04 00:21:28.254, 70.03, 2085, 100, 25
2026/04/04 00:21:28.364, 69.95, 2100, 100, 25
2026/04/04 00:21:28.472, 69.95, 2100, 100, 25
2026/04/04 00:21:28.581, 69.95, 2100, 100, 25
2026/04/04 00:21:28.691, 69.95, 2100, 100, 25
2026/04/04 00:21:28.800, 69.95, 2100, 100, 25
2026/04/04 00:21:28.910, 69.97, 2085, 100, 25
2026/04/04 00:21:29.020, 69.97, 2085, 100, 25
2026/04/04 00:21:29.131, 69.97, 2085, 100, 25
2026/04/04 00:21:29.240, 69.97, 2085, 100, 25
2026/04/04 00:21:29.350, 69.86, 2100, 100, 25
2026/04/04 00:21:29.460, 69.86, 2100, 100, 25
2026/04/04 00:21:29.570, 69.86, 2100, 100, 25
2026/04/04 00:21:29.680, 69.86, 2100, 100, 25
2026/04/04 00:21:29.790, 69.86, 2100, 100, 25
2026/04/04 00:21:29.899, 69.88, 2085, 100, 25
2026/04/04 00:21:30.007, 69.88, 2085, 100, 25
2026/04/04 00:21:30.116, 69.88, 2085, 100, 25
2026/04/04 00:21:30.227, 69.88, 2085, 100, 25
2026/04/04 00:21:30.334, 69.98, 2085, 100, 25
2026/04/04 00:21:30.444, 69.98, 2085, 100, 25
2026/04/04 00:21:30.553, 69.98, 2085, 100, 25
2026/04/04 00:21:30.663, 69.98, 2085, 100, 25
2026/04/04 00:21:30.771, 69.98, 2085, 100, 25
2026/04/04 00:21:30.880, 69.90, 2100, 100, 25
2026/04/04 00:21:30.991, 69.90, 2100, 100, 25
2026/04/04 00:21:31.099, 69.90, 2100, 100, 25
2026/04/04 00:21:31.209, 69.90, 2100, 100, 25
2026/04/04 00:21:31.318, 70.03, 2085, 100, 25
2026/04/04 00:21:31.427, 70.03, 2085, 100, 25
2026/04/04 00:21:31.536, 70.03, 2085, 100, 25
2026/04/04 00:21:31.645, 70.03, 2085, 100, 25
2026/04/04 00:21:31.756, 70.03, 2085, 100, 25
2026/04/04 00:21:31.865, 69.95, 2085, 100, 25
2026/04/04 00:21:31.974, 69.95, 2085, 100, 25
2026/04/04 00:21:32.082, 69.95, 2085, 100, 25
2026/04/04 00:21:32.192, 69.95, 2085, 100, 25
2026/04/04 00:21:32.302, 69.95, 2085, 100, 25
2026/04/04 00:21:32.411, 69.92, 2085, 100, 25
2026/04/04 00:21:32.520, 69.92, 2085, 100, 25
2026/04/04 00:21:32.630, 69.92, 2085, 100, 25
2026/04/04 00:21:32.740, 69.92, 2085, 100, 25
2026/04/04 00:21:32.849, 69.99, 2100, 100, 25
2026/04/04 00:21:32.961, 69.99, 2100, 100, 25
2026/04/04 00:21:33.069, 69.99, 2100, 100, 25
2026/04/04 00:21:33.176, 69.99, 2100, 100, 25
2026/04/04 00:21:33.287, 69.99, 2100, 100, 25
2026/04/04 00:21:33.396, 70.03, 2085, 100, 24
2026/04/04 00:21:33.507, 70.03, 2085, 100, 24
2026/04/04 00:21:33.617, 70.03, 2085, 100, 24
2026/04/04 00:21:33.727, 70.03, 2085, 100, 24
2026/04/04 00:21:33.839, 69.85, 2085, 100, 24
2026/04/04 00:21:33.948, 69.85, 2085, 100, 24
2026/04/04 00:21:34.058, 69.85, 2085, 100, 24
2026/04/04 00:21:34.168, 69.85, 2085, 100, 24
2026/04/04 00:21:34.279, 69.85, 2085, 100, 24
2026/04/04 00:21:34.390, 69.90, 2085, 100, 25
2026/04/04 00:21:34.499, 69.90, 2085, 100, 25
2026/04/04 00:21:34.609, 69.90, 2085, 100, 25
2026/04/04 00:21:34.718, 69.90, 2085, 100, 25
2026/04/04 00:21:34.828, 69.85, 2100, 100, 25
2026/04/04 00:21:34.939, 69.85, 2100, 100, 25
2026/04/04 00:21:35.048, 69.85, 2100, 100, 25
2026/04/04 00:21:35.159, 69.85, 2100, 100, 25
2026/04/04 00:21:35.268, 69.85, 2100, 100, 25
2026/04/04 00:21:35.379, 70.02, 2085, 100, 24
2026/04/04 00:21:35.489, 70.02, 2085, 100, 24
2026/04/04 00:21:35.599, 70.02, 2085, 100, 24
2026/04/04 00:21:35.709, 70.02, 2085, 100, 24
2026/04/04 00:21:35.820, 69.92, 2070, 100, 24
2026/04/04 00:21:35.929, 69.92, 2070, 100, 24
2026/04/04 00:21:36.039, 69.92, 2070, 100, 24
2026/04/04 00:21:36.151, 69.92, 2070, 100, 24
2026/04/04 00:21:36.263, 69.92, 2070, 100, 24
2026/04/04 00:21:36.373, 69.90, 2085, 100, 25
2026/04/04 00:21:36.484, 69.90, 2085, 100, 25
2026/04/04 00:21:36.596, 69.90, 2085, 100, 25
2026/04/04 00:21:36.707, 69.90, 2085, 100, 25
2026/04/04 00:21:36.816, 69.97, 2085, 100, 25
2026/04/04 00:21:36.927, 69.97, 2085, 100, 25
2026/04/04 00:21:37.039, 69.97, 2085, 100, 25
2026/04/04 00:21:37.149, 69.97, 2085, 100, 25
2026/04/04 00:21:37.257, 69.97, 2085, 100, 25
2026/04/04 00:21:37.368, 69.89, 2085, 100, 24
2026/04/04 00:21:37.478, 69.89, 2085, 100, 24
2026/04/04 00:21:37.589, 69.89, 2085, 100, 24
2026/04/04 00:21:37.698, 69.89, 2085, 100, 24
2026/04/04 00:21:37.810, 69.89, 2085, 100, 24
2026/04/04 00:21:37.920, 69.95, 2085, 100, 24
2026/04/04 00:21:38.031, 69.95, 2085, 100, 24
2026/04/04 00:21:38.142, 69.95, 2085, 100, 24
2026/04/04 00:21:38.253, 69.95, 2085, 100, 24
2026/04/04 00:21:38.363, 69.94, 2085, 100, 25
2026/04/04 00:21:38.473, 69.94, 2085, 100, 25
2026/04/04 00:21:38.584, 69.94, 2085, 100, 25
2026/04/04 00:21:38.693, 69.94, 2085, 100, 25
2026/04/04 00:21:38.804, 69.94, 2085, 100, 25
2026/04/04 00:21:38.916, 69.98, 2085, 100, 25
2026/04/04 00:21:39.026, 69.98, 2085, 100, 25
2026/04/04 00:21:39.136, 69.98, 2085, 100, 25
2026/04/04 00:21:39.246, 69.98, 2085, 100, 25
2026/04/04 00:21:39.356, 70.00, 2085, 100, 24
2026/04/04 00:21:39.467, 70.00, 2085, 100, 24
2026/04/04 00:21:39.577, 70.00, 2085, 100, 24
2026/04/04 00:21:39.687, 70.00, 2085, 100, 24
2026/04/04 00:21:39.797, 70.00, 2085, 100, 24
2026/04/04 00:21:39.908, 69.99, 2100, 100, 24
2026/04/04 00:21:40.019, 69.99, 2100, 100, 24
2026/04/04 00:21:40.128, 69.99, 2100, 100, 24
2026/04/04 00:21:40.238, 69.99, 2100, 100, 24
2026/04/04 00:21:40.349, 69.87, 2070, 100, 25
2026/04/04 00:21:40.460, 69.87, 2070, 100, 25
2026/04/04 00:21:40.570, 69.87, 2070, 100, 25
2026/04/04 00:21:40.679, 69.87, 2070, 100, 25
2026/04/04 00:21:40.789, 69.87, 2070, 100, 25
2026/04/04 00:21:40.899, 70.03, 2085, 100, 25
2026/04/04 00:21:41.010, 70.03, 2085, 100, 25
2026/04/04 00:21:41.121, 70.03, 2085, 100, 25
2026/04/04 00:21:41.231, 70.03, 2085, 100, 25
2026/04/04 00:21:41.341, 69.90, 2085, 100, 24
2026/04/04 00:21:41.453, 69.90, 2085, 100, 24
2026/04/04 00:21:41.562, 69.90, 2085, 100, 24
2026/04/04 00:21:41.672, 69.90, 2085, 100, 24
2026/04/04 00:21:41.783, 69.90, 2085, 100, 24
2026/04/04 00:21:41.894, 70.05, 2085, 100, 24
2026/04/04 00:21:42.004, 70.05, 2085, 100, 24
2026/04/04 00:21:42.113, 70.05, 2085, 100, 24
2026/04/04 00:21:42.223, 70.05, 2085, 100, 24
2026/04/04 00:21:42.336, 69.95, 2070, 100, 25
2026/04/04 00:21:42.443, 69.95, 2070, 100, 25
2026/04/04 00:21:42.553, 69.95, 2070, 100, 25
2026/04/04 00:21:42.663, 69.95, 2070, 100, 25
2026/04/04 00:21:42.773, 69.95, 2070, 100, 25
2026/04/04 00:21:42.882, 70.00, 2085, 100, 25
2026/04/04 00:21:42.993, 70.00, 2085, 100, 25
2026/04/04 00:21:43.102, 70.00, 2085, 100, 25
2026/04/04 00:21:43.214, 70.00, 2085, 100, 25
2026/04/04 00:21:43.323, 70.02, 2070, 100, 24
2026/04/04 00:21:43.433, 70.02, 2070, 100, 24
2026/04/04 00:21:43.540, 70.02, 2070, 100, 24
2026/04/04 00:21:43.651, 70.02, 2070, 100, 24
2026/04/04 00:21:43.762, 70.02, 2070, 100, 24
2026/04/04 00:21:43.873, 69.97, 2100, 100, 24
2026/04/04 00:21:43.983, 69.97, 2100, 100, 24
2026/04/04 00:21:44.093, 69.97, 2100, 100, 24
2026/04/04 00:21:44.204, 69.97, 2100, 100, 24
2026/04/04 00:21:44.314, 68.25, 2490, 94, 63
2026/04/04 00:21:44.419, 68.25, 2490, 94, 63
2026/04/04 00:21:44.528, 68.25, 2490, 94, 63
2026/04/04 00:21:44.638, 68.25, 2490, 94, 63
2026/04/04 00:21:44.746, 68.25, 2490, 94, 63
2026/04/04 00:21:44.856, 58.58, 2490, 94, 63
2026/04/04 00:21:44.967, 58.58, 2490, 94, 63
2026/04/04 00:21:45.076, 58.58, 2490, 94, 63
2026/04/04 00:21:45.186, 58.58, 2490, 94, 63
2026/04/04 00:21:45.295, 58.58, 2490, 94, 63
2026/04/04 00:21:45.403, 48.72, 2490, 90, 83
2026/04/04 00:21:45.510, 48.72, 2490, 90, 83
2026/04/04 00:21:45.621, 48.72, 2490, 90, 83
2026/04/04 00:21:45.730, 48.72, 2490, 90, 83
2026/04/04 00:21:45.837, 48.41, 2490, 90, 83
2026/04/04 00:21:45.947, 48.41, 2490, 90, 83
2026/04/04 00:21:46.055, 48.41, 2490, 90, 83
2026/04/04 00:21:46.164, 48.41, 2490, 90, 83
2026/04/04 00:21:46.275, 48.41, 2490, 90, 83
2026/04/04 00:21:46.383, 48.36, 2490, 92, 86
2026/04/04 00:21:46.492, 48.36, 2490, 92, 86
2026/04/04 00:21:46.602, 48.36, 2490, 92, 86
2026/04/04 00:21:46.711, 48.36, 2490, 92, 86
2026/04/04 00:21:46.820, 48.42, 2490, 92, 86
2026/04/04 00:21:46.930, 48.42, 2490, 92, 86
2026/04/04 00:21:47.041, 48.42, 2490, 92, 86
2026/04/04 00:21:47.151, 48.42, 2490, 92, 86
2026/04/04 00:21:47.260, 48.42, 2490, 92, 86
2026/04/04 00:21:47.370, 48.30, 2490, 91, 85
2026/04/04 00:21:47.480, 48.30, 2490, 91, 85
2026/04/04 00:21:47.589, 48.30, 2490, 91, 85
2026/04/04 00:21:47.698, 48.30, 2490, 91, 85
2026/04/04 00:21:47.810, 48.30, 2490, 91, 85
2026/04/04 00:21:47.920, 48.34, 2490, 91, 85
2026/04/04 00:21:48.032, 48.34, 2490, 91, 85
2026/04/04 00:21:48.141, 48.34, 2490, 91, 85
2026/04/04 00:21:48.248, 48.34, 2490, 91, 85
2026/04/04 00:21:48.357, 49.92, 2100, 91, 66
2026/04/04 00:21:48.464, 49.92, 2100, 91, 66
2026/04/04 00:21:48.573, 49.92, 2100, 91, 66
2026/04/04 00:21:48.684, 49.92, 2100, 91, 66
2026/04/04 00:21:48.793, 49.92, 2100, 91, 66
2026/04/04 00:21:48.903, 60.75, 2115, 91, 66
2026/04/04 00:21:49.014, 60.75, 2115, 91, 66
2026/04/04 00:21:49.122, 60.75, 2115, 91, 66
2026/04/04 00:21:49.231, 60.75, 2115, 91, 66
2026/04/04 00:21:49.342, 70.20, 2040, 100, 24
2026/04/04 00:21:49.450, 70.20, 2040, 100, 24
2026/04/04 00:21:49.560, 70.20, 2040, 100, 24
2026/04/04 00:21:49.669, 70.20, 2040, 100, 24
2026/04/04 00:21:49.781, 70.20, 2040, 100, 24
2026/04/04 00:21:49.891, 70.04, 2115, 100, 24
2026/04/04 00:21:50.001, 70.04, 2115, 100, 24
2026/04/04 00:21:50.109, 70.04, 2115, 100, 24
2026/04/04 00:21:50.219, 70.04, 2115, 100, 24
2026/04/04 00:21:50.330, 69.70, 2085, 100, 24
2026/04/04 00:21:50.440, 69.70, 2085, 100, 24
2026/04/04 00:21:50.549, 69.70, 2085, 100, 24
2026/04/04 00:21:50.660, 69.70, 2085, 100, 24
2026/04/04 00:21:50.771, 69.70, 2085, 100, 24
2026/04/04 00:21:50.882, 70.17, 2100, 100, 24
2026/04/04 00:21:50.990, 70.17, 2100, 100, 24
2026/04/04 00:21:51.099, 70.17, 2100, 100, 24
2026/04/04 00:21:51.206, 70.17, 2100, 100, 24
2026/04/04 00:21:51.315, 69.65, 2070, 100, 24
2026/04/04 00:21:51.426, 69.65, 2070, 100, 24
2026/04/04 00:21:51.535, 69.65, 2070, 100, 24
2026/04/04 00:21:51.646, 69.65, 2070, 100, 24
2026/04/04 00:21:51.756, 69.65, 2070, 100, 24
2026/04/04 00:21:51.867, 70.19, 2100, 100, 24
2026/04/04 00:21:51.977, 70.19, 2100, 100, 24
2026/04/04 00:21:52.087, 70.19, 2100, 100, 24
2026/04/04 00:21:52.195, 70.19, 2100, 100, 24
2026/04/04 00:21:52.305, 70.19, 2100, 100, 24
2026/04/04 00:21:52.416, 69.77, 2085, 100, 24
2026/04/04 00:21:52.526, 69.77, 2085, 100, 24
2026/04/04 00:21:52.635, 69.77, 2085, 100, 24
2026/04/04 00:21:52.745, 69.77, 2085, 100, 24
2026/04/04 00:21:52.854, 69.95, 2115, 100, 24
2026/04/04 00:21:52.964, 69.95, 2115, 100, 24
2026/04/04 00:21:53.071, 69.95, 2115, 100, 24
2026/04/04 00:21:53.181, 69.95, 2115, 100, 24
2026/04/04 00:21:53.291, 69.95, 2115, 100, 24
2026/04/04 00:21:53.401, 69.78, 2085, 100, 25
2026/04/04 00:21:53.509, 69.78, 2085, 100, 25
2026/04/04 00:21:53.619, 69.78, 2085, 100, 25
2026/04/04 00:21:53.728, 69.78, 2085, 100, 25
2026/04/04 00:21:53.838, 70.00, 2100, 100, 25
2026/04/04 00:21:53.948, 70.00, 2100, 100, 25
2026/04/04 00:21:54.059, 70.00, 2100, 100, 25
2026/04/04 00:21:54.168, 70.00, 2100, 100, 25
2026/04/04 00:21:54.278, 70.00, 2100, 100, 25
2026/04/04 00:21:54.388, 69.86, 2085, 100, 25
2026/04/04 00:21:54.498, 69.86, 2085, 100, 25
2026/04/04 00:21:54.608, 69.86, 2085, 100, 25
2026/04/04 00:21:54.717, 69.86, 2085, 100, 25
2026/04/04 00:21:54.825, 69.98, 2100, 100, 25
2026/04/04 00:21:54.935, 69.98, 2100, 100, 25
2026/04/04 00:21:55.047, 69.98, 2100, 100, 25
2026/04/04 00:21:55.158, 69.98, 2100, 100, 25
2026/04/04 00:21:55.268, 69.98, 2100, 100, 25
2026/04/04 00:21:55.377, 69.81, 2100, 100, 25
2026/04/04 00:21:55.487, 69.81, 2100, 100, 25
2026/04/04 00:21:55.596, 69.81, 2100, 100, 25
2026/04/04 00:21:55.706, 69.81, 2100, 100, 25
2026/04/04 00:21:55.815, 70.09, 2085, 100, 25
2026/04/04 00:21:55.925, 70.09, 2085, 100, 25
2026/04/04 00:21:56.033, 70.09, 2085, 100, 25
2026/04/04 00:21:56.144, 70.09, 2085, 100, 25
2026/04/04 00:21:56.254, 70.09, 2085, 100, 25
2026/04/04 00:21:56.364, 69.82, 2100, 100, 24
2026/04/04 00:21:56.473, 69.82, 2100, 100, 24
2026/04/04 00:21:56.583, 69.82, 2100, 100, 24
2026/04/04 00:21:56.692, 69.82, 2100, 100, 24
2026/04/04 00:21:56.801, 69.82, 2100, 100, 24
2026/04/04 00:21:56.910, 69.97, 2100, 100, 24
2026/04/04 00:21:57.020, 69.97, 2100, 100, 24
2026/04/04 00:21:57.129, 69.97, 2100, 100, 24
2026/04/04 00:21:57.237, 69.97, 2100, 100, 24
2026/04/04 00:21:57.346, 69.87, 2085, 100, 25
2026/04/04 00:21:57.456, 69.87, 2085, 100, 25
2026/04/04 00:21:57.566, 69.87, 2085, 100, 25
2026/04/04 00:21:57.675, 69.87, 2085, 100, 25
2026/04/04 00:21:57.783, 69.87, 2085, 100, 25
2026/04/04 00:21:57.892, 69.98, 2085, 100, 25
2026/04/04 00:21:58.002, 69.98, 2085, 100, 25
2026/04/04 00:21:58.112, 69.98, 2085, 100, 25
2026/04/04 00:21:58.221, 69.98, 2085, 100, 25
2026/04/04 00:21:58.329, 69.92, 2100, 100, 24
2026/04/04 00:21:58.439, 69.92, 2100, 100, 24
2026/04/04 00:21:58.548, 69.92, 2100, 100, 24
2026/04/04 00:21:58.659, 69.92, 2100, 100, 24
2026/04/04 00:21:58.768, 69.92, 2100, 100, 24
2026/04/04 00:21:58.876, 70.00, 2085, 100, 24
2026/04/04 00:21:58.986, 70.00, 2085, 100, 24
2026/04/04 00:21:59.095, 70.00, 2085, 100, 24
2026/04/04 00:21:59.204, 70.00, 2085, 100, 24
2026/04/04 00:21:59.314, 70.00, 2100, 100, 24
2026/04/04 00:21:59.423, 69.98, 2100, 100, 25
2026/04/04 00:21:59.532, 69.98, 2100, 100, 25
2026/04/04 00:21:59.641, 69.98, 2100, 100, 25
2026/04/04 00:21:59.752, 69.98, 2100, 100, 25
2026/04/04 00:21:59.862, 69.85, 2085, 100, 25
2026/04/04 00:21:59.971, 69.85, 2085, 100, 25
2026/04/04 00:22:00.079, 69.85, 2085, 100, 25
2026/04/04 00:22:00.187, 69.85, 2085, 100, 25
2026/04/04 00:22:00.296, 69.85, 2085, 100, 25
2026/04/04 00:22:00.405, 69.93, 2085, 100, 24
2026/04/04 00:22:00.515, 69.93, 2085, 100, 24
2026/04/04 00:22:00.624, 69.93, 2085, 100, 24
2026/04/04 00:22:00.735, 69.93, 2085, 100, 24
2026/04/04 00:22:00.844, 69.95, 2085, 100, 24
2026/04/04 00:22:00.955, 69.95, 2085, 100, 24
2026/04/04 00:22:01.064, 69.95, 2085, 100, 24
2026/04/04 00:22:01.174, 69.95, 2085, 100, 24
2026/04/04 00:22:01.284, 69.95, 2085, 100, 24
2026/04/04 00:22:01.394, 69.91, 2070, 100, 25
2026/04/04 00:22:01.505, 69.91, 2070, 100, 25
2026/04/04 00:22:01.615, 69.91, 2070, 100, 25
2026/04/04 00:22:01.725, 69.91, 2070, 100, 25
2026/04/04 00:22:01.836, 69.93, 2085, 100, 25
2026/04/04 00:22:01.947, 69.93, 2085, 100, 25
2026/04/04 00:22:02.057, 69.93, 2085, 100, 25
2026/04/04 00:22:02.165, 69.93, 2085, 100, 25
2026/04/04 00:22:02.274, 69.93, 2085, 100, 25
2026/04/04 00:22:02.384, 69.92, 2085, 100, 24
2026/04/04 00:22:02.493, 69.92, 2085, 100, 24
2026/04/04 00:22:02.603, 69.92, 2085, 100, 24
2026/04/04 00:22:02.714, 69.92, 2085, 100, 24
2026/04/04 00:22:02.823, 69.94, 2100, 100, 24
2026/04/04 00:22:02.933, 69.94, 2100, 100, 24
2026/04/04 00:22:03.043, 69.94, 2100, 100, 24
2026/04/04 00:22:03.151, 69.94, 2100, 100, 24
2026/04/04 00:22:03.261, 69.94, 2100, 100, 24
2026/04/04 00:22:03.370, 69.92, 2070, 100, 25
2026/04/04 00:22:03.480, 69.92, 2070, 100, 25
2026/04/04 00:22:03.590, 69.92, 2070, 100, 25
2026/04/04 00:22:03.702, 69.92, 2070, 100, 25
2026/04/04 00:22:03.811, 69.92, 2070, 100, 25
2026/04/04 00:22:03.920, 69.91, 2100, 100, 25
2026/04/04 00:22:04.033, 69.91, 2100, 100, 25
2026/04/04 00:22:04.142, 69.91, 2100, 100, 25
2026/04/04 00:22:04.250, 69.91, 2100, 100, 25
2026/04/04 00:22:04.360, 70.01, 2085, 100, 24
2026/04/04 00:22:04.469, 70.01, 2085, 100, 24
2026/04/04 00:22:04.579, 70.01, 2085, 100, 24
2026/04/04 00:22:04.690, 70.01, 2085, 100, 24
2026/04/04 00:22:04.801, 70.01, 2085, 100, 24
2026/04/04 00:22:04.912, 69.87, 2085, 100, 24
2026/04/04 00:22:05.022, 69.87, 2085, 100, 24
2026/04/04 00:22:05.132, 69.87, 2085, 100, 24
2026/04/04 00:22:05.244, 69.87, 2085, 100, 24
2026/04/04 00:22:05.353, 69.96, 2100, 100, 25
2026/04/04 00:22:05.464, 69.96, 2100, 100, 25
2026/04/04 00:22:05.575, 69.96, 2100, 100, 25
2026/04/04 00:22:05.686, 69.96, 2100, 100, 25
2026/04/04 00:22:05.797, 69.96, 2100, 100, 25
2026/04/04 00:22:05.907, 69.89, 2085, 100, 25
2026/04/04 00:22:06.017, 69.89, 2085, 100, 25
2026/04/04 00:22:06.127, 69.89, 2085, 100, 25
2026/04/04 00:22:06.238, 69.89, 2085, 100, 25
2026/04/04 00:22:06.348, 69.86, 2085, 100, 25
2026/04/04 00:22:06.459, 69.86, 2085, 100, 25
2026/04/04 00:22:06.568, 69.86, 2085, 100, 25
2026/04/04 00:22:06.679, 69.86, 2085, 100, 25
2026/04/04 00:22:06.788, 69.86, 2085, 100, 25
2026/04/04 00:22:06.897, 69.98, 2085, 100, 25
2026/04/04 00:22:07.007, 69.98, 2085, 100, 25
2026/04/04 00:22:07.117, 69.98, 2085, 100, 25
2026/04/04 00:22:07.227, 69.98, 2085, 100, 25
2026/04/04 00:22:07.338, 70.03, 2085, 100, 25
2026/04/04 00:22:07.448, 70.03, 2085, 100, 25
2026/04/04 00:22:07.560, 70.03, 2085, 100, 25
2026/04/04 00:22:07.669, 70.03, 2085, 100, 25
2026/04/04 00:22:07.777, 70.03, 2085, 100, 25
2026/04/04 00:22:07.887, 69.97, 2070, 100, 25
2026/04/04 00:22:07.996, 69.97, 2070, 100, 25
2026/04/04 00:22:08.106, 69.97, 2070, 100, 25
2026/04/04 00:22:08.216, 69.97, 2070, 100, 25
2026/04/04 00:22:08.325, 70.06, 2085, 100, 24
2026/04/04 00:22:08.434, 70.06, 2085, 100, 24
2026/04/04 00:22:08.542, 70.06, 2085, 100, 24
2026/04/04 00:22:08.653, 70.06, 2085, 100, 24
2026/04/04 00:22:08.762, 70.06, 2085, 100, 24
2026/04/04 00:22:08.873, 69.87, 2070, 100, 24
2026/04/04 00:22:08.982, 69.87, 2070, 100, 24
2026/04/04 00:22:09.093, 69.87, 2070, 100, 24
2026/04/04 00:22:09.202, 69.87, 2070, 100, 24
2026/04/04 00:22:09.313, 69.87, 2070, 100, 24
2026/04/04 00:22:09.423, 69.95, 2085, 100, 25
2026/04/04 00:22:09.534, 69.95, 2085, 100, 25
2026/04/04 00:22:09.645, 69.95, 2085, 100, 25
2026/04/04 00:22:09.755, 69.95, 2085, 100, 25
2026/04/04 00:22:09.865, 69.93, 2085, 100, 25
2026/04/04 00:22:09.975, 69.93, 2085, 100, 25
2026/04/04 00:22:10.085, 69.93, 2085, 100, 25
2026/04/04 00:22:10.195, 69.93, 2085, 100, 25
2026/04/04 00:22:10.307, 69.93, 2085, 100, 25
2026/04/04 00:22:10.418, 70.00, 2085, 100, 24
2026/04/04 00:22:10.528, 70.00, 2085, 100, 24
2026/04/04 00:22:10.638, 70.00, 2085, 100, 24
2026/04/04 00:22:10.748, 70.00, 2085, 100, 24
2026/04/04 00:22:10.858, 69.91, 2070, 100, 24
2026/04/04 00:22:10.969, 69.91, 2070, 100, 24
2026/04/04 00:22:11.080, 69.91, 2070, 100, 24
2026/04/04 00:22:11.191, 69.91, 2070, 100, 24
2026/04/04 00:22:11.302, 69.91, 2070, 100, 24
2026/04/04 00:22:11.413, 69.94, 2085, 100, 25
2026/04/04 00:22:11.524, 69.94, 2085, 100, 25
2026/04/04 00:22:11.633, 69.94, 2085, 100, 25
2026/04/04 00:22:11.744, 69.94, 2085, 100, 25
2026/04/04 00:22:11.854, 69.91, 2070, 100, 25
2026/04/04 00:22:11.964, 69.91, 2070, 100, 25
2026/04/04 00:22:12.075, 69.91, 2070, 100, 25
2026/04/04 00:22:12.187, 69.91, 2070, 100, 25
2026/04/04 00:22:12.297, 69.91, 2070, 100, 25
2026/04/04 00:22:12.408, 69.96, 2085, 100, 25
2026/04/04 00:22:12.519, 69.96, 2085, 100, 25
2026/04/04 00:22:12.630, 69.96, 2085, 100, 25
2026/04/04 00:22:12.741, 69.96, 2085, 100, 25
2026/04/04 00:22:12.853, 69.86, 2085, 100, 25
2026/04/04 00:22:12.964, 69.86, 2085, 100, 25
2026/04/04 00:22:13.074, 69.86, 2085, 100, 25
2026/04/04 00:22:13.185, 69.86, 2085, 100, 25
2026/04/04 00:22:13.295, 69.86, 2085, 100, 25
2026/04/04 00:22:13.406, 69.96, 2085, 100, 24
2026/04/04 00:22:13.516, 69.96, 2085, 100, 24
2026/04/04 00:22:13.626, 69.96, 2085, 100, 24
2026/04/04 00:22:13.736, 69.96, 2085, 100, 24
2026/04/04 00:22:13.848, 69.87, 2070, 100, 24
2026/04/04 00:22:13.959, 69.87, 2070, 100, 24
2026/04/04 00:22:14.068, 69.87, 2070, 100, 24
2026/04/04 00:22:14.177, 69.87, 2070, 100, 24
2026/04/04 00:22:14.287, 69.87, 2070, 100, 24
2026/04/04 00:22:14.397, 66.54, 2490, 87, 80
2026/04/04 00:22:14.507, 66.54, 2490, 87, 80
2026/04/04 00:22:14.616, 66.54, 2490, 87, 80
2026/04/04 00:22:14.730, 66.54, 2490, 87, 80
2026/04/04 00:22:14.836, 57.06, 2490, 87, 80
2026/04/04 00:22:14.947, 57.06, 2490, 87, 80
2026/04/04 00:22:15.057, 57.06, 2490, 87, 80
2026/04/04 00:22:15.167, 57.06, 2490, 87, 80
2026/04/04 00:22:15.275, 57.06, 2490, 87, 80
2026/04/04 00:22:15.384, 48.55, 2490, 93, 86
2026/04/04 00:22:15.495, 48.55, 2490, 93, 86
2026/04/04 00:22:15.605, 48.55, 2490, 93, 86
2026/04/04 00:22:15.714, 48.55, 2490, 93, 86
2026/04/04 00:22:15.822, 48.79, 2490, 93, 86
2026/04/04 00:22:15.933, 48.79, 2490, 93, 86
2026/04/04 00:22:16.042, 48.79, 2490, 93, 86
2026/04/04 00:22:16.151, 48.79, 2490, 93, 86
2026/04/04 00:22:16.260, 48.79, 2490, 93, 86
2026/04/04 00:22:16.370, 48.84, 2490, 93, 86
2026/04/04 00:22:16.480, 48.84, 2490, 93, 86
2026/04/04 00:22:16.589, 48.84, 2490, 93, 86
2026/04/04 00:22:16.698, 48.84, 2490, 93, 86
2026/04/04 00:22:16.810, 48.84, 2490, 93, 86
2026/04/04 00:22:16.918, 48.48, 2490, 93, 86
2026/04/04 00:22:17.027, 48.48, 2490, 93, 86
2026/04/04 00:22:17.136, 48.48, 2490, 93, 86
2026/04/04 00:22:17.246, 48.48, 2490, 93, 86
2026/04/04 00:22:17.356, 48.42, 2490, 91, 84
2026/04/04 00:22:17.465, 48.42, 2490, 91, 84
2026/04/04 00:22:17.573, 48.42, 2490, 91, 84
2026/04/04 00:22:17.682, 48.42, 2490, 91, 84
2026/04/04 00:22:17.793, 48.42, 2490, 91, 84
2026/04/04 00:22:17.903, 48.38, 2490, 91, 84
2026/04/04 00:22:18.012, 48.38, 2490, 91, 84
2026/04/04 00:22:18.122, 48.38, 2490, 91, 84
2026/04/04 00:22:18.234, 48.38, 2490, 91, 84
2026/04/04 00:22:18.344, 46.17, 2490, 4, 2
2026/04/04 00:22:18.455, 46.17, 2490, 4, 2
2026/04/04 00:22:18.565, 46.17, 2490, 4, 2
2026/04/04 00:22:18.677, 46.17, 2490, 4, 2
2026/04/04 00:22:18.787, 46.17, 2490, 4, 2
