2026/03/27 14:47:05.412, 11.74, 285, 0, 1
2026/03/27 14:47:05.523, 11.74, 285, 0, 1
2026/03/27 14:47:05.633, 9.45, 285, 0, 1
2026/03/27 14:47:05.741, 9.45, 285, 0, 1
2026/03/27 14:47:05.852, 9.45, 285, 0, 1
2026/03/27 14:47:05.962, 9.45, 285, 0, 1
2026/03/27 14:47:06.071, 8.48, 285, 10, 2
2026/03/27 14:47:06.182, 8.48, 285, 10, 2
2026/03/27 14:47:06.293, 8.48, 285, 10, 2
2026/03/27 14:47:06.402, 8.48, 285, 10, 2
2026/03/27 14:47:06.511, 8.48, 285, 10, 2
2026/03/27 14:47:06.619, 8.51, 285, 10, 2
2026/03/27 14:47:06.729, 8.51, 285, 10, 2
2026/03/27 14:47:06.840, 8.51, 285, 10, 2
2026/03/27 14:47:06.949, 8.51, 285, 10, 2
2026/03/27 14:47:07.060, 8.51, 285, 10, 2
2026/03/27 14:47:07.170, 7.95, 285, 33, 20
2026/03/27 14:47:07.280, 7.95, 285, 33, 20
2026/03/27 14:47:07.391, 7.95, 285, 33, 20
2026/03/27 14:47:07.502, 7.95, 285, 33, 20
2026/03/27 14:47:07.612, 7.23, 285, 33, 20
2026/03/27 14:47:07.723, 7.23, 285, 33, 20
2026/03/27 14:47:07.833, 7.23, 285, 33, 20
2026/03/27 14:47:07.945, 7.23, 285, 33, 20
2026/03/27 14:47:08.055, 7.23, 285, 33, 20
2026/03/27 14:47:08.165, 6.86, 285, 0, 13
2026/03/27 14:47:08.275, 6.86, 285, 0, 13
2026/03/27 14:47:08.386, 6.86, 285, 0, 13
2026/03/27 14:47:08.496, 6.86, 285, 0, 13
2026/03/27 14:47:08.607, 6.78, 285, 0, 13
2026/03/27 14:47:08.718, 6.78, 285, 0, 13
2026/03/27 14:47:08.828, 6.78, 285, 0, 13
2026/03/27 14:47:08.937, 6.78, 285, 0, 13
2026/03/27 14:47:09.044, 6.78, 285, 0, 13
2026/03/27 14:47:09.153, 6.42, 285, 18, 5
2026/03/27 14:47:09.264, 6.42, 285, 18, 5
2026/03/27 14:47:09.374, 6.42, 285, 18, 5
2026/03/27 14:47:09.484, 6.42, 285, 18, 5
2026/03/27 14:47:09.595, 8.85, 285, 18, 5
2026/03/27 14:47:09.705, 8.85, 285, 18, 5
2026/03/27 14:47:09.816, 8.85, 285, 18, 5
2026/03/27 14:47:09.927, 8.85, 285, 18, 5
2026/03/27 14:47:10.036, 8.85, 285, 18, 5
2026/03/27 14:47:10.146, 12.98, 285, 100, 5
2026/03/27 14:47:10.256, 12.98, 285, 100, 5
2026/03/27 14:47:10.366, 12.98, 285, 100, 5
2026/03/27 14:47:10.476, 12.98, 285, 100, 5
2026/03/27 14:47:10.586, 13.40, 285, 100, 5
2026/03/27 14:47:10.697, 13.40, 285, 100, 5
2026/03/27 14:47:10.807, 13.40, 285, 100, 5
2026/03/27 14:47:10.916, 13.40, 285, 100, 5
2026/03/27 14:47:11.026, 13.40, 285, 100, 5
2026/03/27 14:47:11.136, 13.41, 285, 100, 5
2026/03/27 14:47:11.247, 13.41, 285, 100, 5
2026/03/27 14:47:11.356, 13.41, 285, 100, 5
2026/03/27 14:47:11.465, 13.41, 285, 100, 5
2026/03/27 14:47:11.574, 13.43, 285, 100, 5
2026/03/27 14:47:11.685, 13.43, 285, 100, 5
2026/03/27 14:47:11.795, 13.43, 285, 100, 5
2026/03/27 14:47:11.902, 13.43, 285, 100, 5
2026/03/27 14:47:12.011, 13.43, 285, 100, 5
2026/03/27 14:47:12.122, 13.42, 285, 100, 6
2026/03/27 14:47:12.233, 13.42, 285, 100, 6
2026/03/27 14:47:12.343, 13.42, 285, 100, 6
2026/03/27 14:47:12.453, 13.42, 285, 100, 6
2026/03/27 14:47:12.563, 13.42, 285, 100, 6
2026/03/27 14:47:12.672, 13.43, 285, 100, 6
2026/03/27 14:47:12.780, 13.43, 285, 100, 6
2026/03/27 14:47:12.891, 13.43, 285, 100, 6
2026/03/27 14:47:13.002, 13.43, 285, 100, 6
2026/03/27 14:47:13.112, 13.42, 285, 100, 5
2026/03/27 14:47:13.222, 13.42, 285, 100, 5
2026/03/27 14:47:13.333, 13.42, 285, 100, 5
2026/03/27 14:47:13.443, 13.42, 285, 100, 5
2026/03/27 14:47:13.553, 13.42, 285, 100, 5
2026/03/27 14:47:13.664, 13.43, 285, 100, 5
2026/03/27 14:47:13.774, 13.43, 285, 100, 5
2026/03/27 14:47:13.884, 13.43, 285, 100, 5
2026/03/27 14:47:13.994, 13.43, 285, 100, 5
2026/03/27 14:47:14.105, 13.42, 285, 100, 5
2026/03/27 14:47:14.215, 13.42, 285, 100, 5
2026/03/27 14:47:14.323, 13.42, 285, 100, 5
2026/03/27 14:47:14.432, 13.42, 285, 100, 5
2026/03/27 14:47:14.543, 13.42, 285, 100, 5
2026/03/27 14:47:14.654, 13.42, 285, 100, 5
2026/03/27 14:47:14.764, 13.42, 285, 100, 5
2026/03/27 14:47:14.875, 13.42, 285, 100, 5
2026/03/27 14:47:14.985, 13.42, 285, 100, 5
2026/03/27 14:47:15.095, 13.43, 285, 100, 5
2026/03/27 14:47:15.206, 13.43, 285, 100, 5
2026/03/27 14:47:15.315, 13.43, 285, 100, 5
2026/03/27 14:47:15.425, 13.43, 285, 100, 5
2026/03/27 14:47:15.537, 13.43, 285, 100, 5
2026/03/27 14:47:15.648, 13.43, 285, 100, 5
2026/03/27 14:47:15.757, 13.43, 285, 100, 5
2026/03/27 14:47:15.866, 13.43, 285, 100, 5
2026/03/27 14:47:15.976, 13.43, 285, 100, 5
2026/03/27 14:47:16.087, 13.42, 285, 100, 6
2026/03/27 14:47:16.198, 13.42, 285, 100, 6
2026/03/27 14:47:16.307, 13.42, 285, 100, 6
2026/03/27 14:47:16.418, 13.42, 285, 100, 6
2026/03/27 14:47:16.528, 13.42, 285, 100, 6
2026/03/27 14:47:16.638, 13.43, 285, 100, 6
2026/03/27 14:47:16.749, 13.43, 285, 100, 6
2026/03/27 14:47:16.859, 13.43, 285, 100, 6
2026/03/27 14:47:16.968, 13.43, 285, 100, 6
2026/03/27 14:47:17.079, 13.43, 285, 100, 6
2026/03/27 14:47:17.190, 13.43, 285, 100, 6
2026/03/27 14:47:17.299, 13.43, 285, 100, 6
2026/03/27 14:47:17.409, 13.43, 285, 100, 6
2026/03/27 14:47:17.519, 13.43, 285, 100, 6
2026/03/27 14:47:17.628, 13.44, 285, 100, 6
2026/03/27 14:47:17.738, 13.44, 285, 100, 6
2026/03/27 14:47:17.849, 13.44, 285, 100, 6
2026/03/27 14:47:17.957, 13.44, 285, 100, 6
2026/03/27 14:47:18.065, 13.44, 285, 100, 6
2026/03/27 14:47:18.175, 13.43, 285, 100, 5
2026/03/27 14:47:18.285, 13.43, 285, 100, 5
2026/03/27 14:47:18.394, 13.43, 285, 100, 5
2026/03/27 14:47:18.504, 13.43, 285, 100, 5
2026/03/27 14:47:18.614, 13.43, 285, 100, 5
2026/03/27 14:47:18.725, 13.43, 285, 100, 5
2026/03/27 14:47:18.836, 13.43, 285, 100, 5
2026/03/27 14:47:18.947, 13.43, 285, 100, 5
2026/03/27 14:47:19.057, 13.43, 285, 100, 5
2026/03/27 14:47:19.167, 13.42, 285, 100, 5
2026/03/27 14:47:19.278, 13.42, 285, 100, 5
2026/03/27 14:47:19.389, 13.42, 285, 100, 5
2026/03/27 14:47:19.499, 13.42, 285, 100, 5
2026/03/27 14:47:19.609, 13.41, 285, 100, 5
2026/03/27 14:47:19.718, 13.41, 285, 100, 5
2026/03/27 14:47:19.828, 13.41, 285, 100, 5
2026/03/27 14:47:19.938, 13.41, 285, 100, 5
2026/03/27 14:47:20.049, 13.41, 285, 100, 5
2026/03/27 14:47:20.159, 13.43, 285, 100, 6
2026/03/27 14:47:20.269, 13.43, 285, 100, 6
2026/03/27 14:47:20.378, 13.43, 285, 100, 6
2026/03/27 14:47:20.489, 13.43, 285, 100, 6
2026/03/27 14:47:20.598, 13.42, 285, 100, 6
2026/03/27 14:47:20.708, 13.42, 285, 100, 6
2026/03/27 14:47:20.819, 13.42, 285, 100, 6
2026/03/27 14:47:20.927, 13.42, 285, 100, 6
2026/03/27 14:47:21.037, 13.42, 285, 100, 6
2026/03/27 14:47:21.146, 13.40, 285, 100, 6
2026/03/27 14:47:21.257, 13.40, 285, 100, 6
2026/03/27 14:47:21.367, 13.40, 285, 100, 6
2026/03/27 14:47:21.476, 13.40, 285, 100, 6
2026/03/27 14:47:21.587, 13.42, 285, 100, 6
2026/03/27 14:47:21.696, 13.42, 285, 100, 6
2026/03/27 14:47:21.807, 13.42, 285, 100, 6
2026/03/27 14:47:21.917, 13.42, 285, 100, 6
2026/03/27 14:47:22.026, 13.42, 285, 100, 6
2026/03/27 14:47:22.135, 13.41, 285, 100, 5
2026/03/27 14:47:22.245, 13.41, 285, 100, 5
2026/03/27 14:47:22.355, 13.41, 285, 100, 5
2026/03/27 14:47:22.464, 13.41, 285, 100, 5
2026/03/27 14:47:22.574, 13.43, 285, 100, 5
2026/03/27 14:47:22.685, 13.43, 285, 100, 5
2026/03/27 14:47:22.794, 13.43, 285, 100, 5
2026/03/27 14:47:22.903, 13.43, 285, 100, 5
2026/03/27 14:47:23.014, 13.43, 285, 100, 5
2026/03/27 14:47:23.124, 13.43, 285, 100, 5
2026/03/27 14:47:23.235, 13.43, 285, 100, 5
2026/03/27 14:47:23.346, 13.43, 285, 100, 5
2026/03/27 14:47:23.457, 13.43, 285, 100, 5
2026/03/27 14:47:23.566, 13.43, 285, 100, 5
2026/03/27 14:47:23.674, 13.42, 285, 100, 5
2026/03/27 14:47:23.785, 13.42, 285, 100, 5
2026/03/27 14:47:23.895, 13.42, 285, 100, 5
2026/03/27 14:47:24.006, 13.42, 285, 100, 5
2026/03/27 14:47:24.116, 13.41, 285, 100, 5
2026/03/27 14:47:24.227, 13.41, 285, 100, 5
2026/03/27 14:47:24.338, 13.41, 285, 100, 5
2026/03/27 14:47:24.448, 13.41, 285, 100, 5
2026/03/27 14:47:24.559, 13.41, 285, 100, 5
2026/03/27 14:47:24.668, 13.41, 285, 100, 5
2026/03/27 14:47:24.779, 13.41, 285, 100, 5
2026/03/27 14:47:24.890, 13.41, 285, 100, 5
2026/03/27 14:47:25.001, 13.41, 285, 100, 5
2026/03/27 14:47:25.111, 13.41, 285, 100, 6
2026/03/27 14:47:25.222, 13.41, 285, 100, 6
2026/03/27 14:47:25.333, 13.41, 285, 100, 6
2026/03/27 14:47:25.442, 13.41, 285, 100, 6
2026/03/27 14:47:25.552, 13.41, 285, 100, 6
2026/03/27 14:47:25.660, 13.42, 285, 100, 6
2026/03/27 14:47:25.771, 13.42, 285, 100, 6
2026/03/27 14:47:25.881, 13.42, 285, 100, 6
2026/03/27 14:47:25.992, 13.42, 285, 100, 6
2026/03/27 14:47:26.102, 13.41, 285, 100, 5
2026/03/27 14:47:26.213, 13.41, 285, 100, 5
2026/03/27 14:47:26.322, 13.41, 285, 100, 5
2026/03/27 14:47:26.431, 13.41, 285, 100, 5
2026/03/27 14:47:26.541, 13.41, 285, 100, 5
2026/03/27 14:47:26.651, 13.45, 285, 100, 5
2026/03/27 14:47:26.762, 13.45, 285, 100, 5
2026/03/27 14:47:26.871, 13.45, 285, 100, 5
2026/03/27 14:47:26.982, 13.45, 285, 100, 5
2026/03/27 14:47:27.092, 13.47, 285, 100, 6
2026/03/27 14:47:27.203, 13.47, 285, 100, 6
2026/03/27 14:47:27.313, 13.47, 285, 100, 6
2026/03/27 14:47:27.422, 13.47, 285, 100, 6
2026/03/27 14:47:27.532, 13.47, 285, 100, 6
2026/03/27 14:47:27.643, 13.46, 285, 100, 6
2026/03/27 14:47:27.753, 13.46, 285, 100, 6
2026/03/27 14:47:27.864, 13.46, 285, 100, 6
2026/03/27 14:47:27.974, 13.46, 285, 100, 6
2026/03/27 14:47:28.084, 13.45, 285, 100, 5
2026/03/27 14:47:28.193, 13.45, 285, 100, 5
2026/03/27 14:47:28.305, 13.45, 285, 100, 5
2026/03/27 14:47:28.416, 13.45, 285, 100, 5
2026/03/27 14:47:28.526, 13.45, 285, 100, 5
2026/03/27 14:47:28.636, 13.43, 285, 100, 5
2026/03/27 14:47:28.747, 13.43, 285, 100, 5
2026/03/27 14:47:28.858, 13.43, 285, 100, 5
2026/03/27 14:47:28.968, 13.43, 285, 100, 5
2026/03/27 14:47:29.078, 13.43, 285, 100, 6
2026/03/27 14:47:29.189, 13.43, 285, 100, 6
2026/03/27 14:47:29.300, 13.43, 285, 100, 6
2026/03/27 14:47:29.409, 13.43, 285, 100, 6
2026/03/27 14:47:29.518, 13.43, 285, 100, 6
2026/03/27 14:47:29.626, 13.44, 285, 100, 6
2026/03/27 14:47:29.736, 13.44, 285, 100, 6
2026/03/27 14:47:29.845, 13.44, 285, 100, 6
2026/03/27 14:47:29.953, 13.44, 285, 100, 6
2026/03/27 14:47:30.064, 13.44, 285, 100, 6
2026/03/27 14:47:30.172, 13.45, 285, 100, 5
2026/03/27 14:47:30.283, 13.45, 285, 100, 5
2026/03/27 14:47:30.393, 13.45, 285, 100, 5
2026/03/27 14:47:30.504, 13.45, 285, 100, 5
2026/03/27 14:47:30.614, 13.44, 285, 100, 5
2026/03/27 14:47:30.723, 13.44, 285, 100, 5
2026/03/27 14:47:30.833, 13.44, 285, 100, 5
2026/03/27 14:47:30.943, 13.44, 285, 100, 5
2026/03/27 14:47:31.054, 13.44, 285, 100, 5
2026/03/27 14:47:31.166, 13.42, 285, 100, 5
2026/03/27 14:47:31.276, 13.42, 285, 100, 5
2026/03/27 14:47:31.387, 13.42, 285, 100, 5
2026/03/27 14:47:31.497, 13.42, 285, 100, 5
2026/03/27 14:47:31.608, 13.42, 285, 100, 5
2026/03/27 14:47:31.719, 13.42, 285, 100, 5
2026/03/27 14:47:31.828, 13.42, 285, 100, 5
2026/03/27 14:47:31.939, 13.42, 285, 100, 5
2026/03/27 14:47:32.047, 13.42, 285, 100, 5
2026/03/27 14:47:32.159, 13.41, 285, 100, 5
2026/03/27 14:47:32.269, 13.41, 285, 100, 5
2026/03/27 14:47:32.378, 13.41, 285, 100, 5
2026/03/27 14:47:32.487, 13.41, 285, 100, 5
2026/03/27 14:47:32.596, 13.41, 285, 100, 5
2026/03/27 14:47:32.707, 13.41, 285, 100, 5
2026/03/27 14:47:32.818, 13.41, 285, 100, 5
2026/03/27 14:47:32.928, 13.41, 285, 100, 5
2026/03/27 14:47:33.039, 13.41, 285, 100, 5
2026/03/27 14:47:33.149, 13.43, 285, 100, 6
2026/03/27 14:47:33.261, 13.43, 285, 100, 6
2026/03/27 14:47:33.371, 13.43, 285, 100, 6
2026/03/27 14:47:33.481, 13.43, 285, 100, 6
2026/03/27 14:47:33.590, 13.44, 285, 100, 6
2026/03/27 14:47:33.701, 13.44, 285, 100, 6
2026/03/27 14:47:33.813, 13.44, 285, 100, 6
2026/03/27 14:47:33.922, 13.44, 285, 100, 6
2026/03/27 14:47:34.034, 13.44, 285, 100, 6
2026/03/27 14:47:34.145, 13.44, 285, 100, 6
2026/03/27 14:47:34.256, 13.44, 285, 100, 6
2026/03/27 14:47:34.365, 13.44, 285, 100, 6
2026/03/27 14:47:34.475, 13.44, 285, 100, 6
2026/03/27 14:47:34.585, 13.44, 285, 100, 6
2026/03/27 14:47:34.695, 13.44, 285, 100, 6
2026/03/27 14:47:34.806, 13.44, 285, 100, 6
2026/03/27 14:47:34.917, 13.44, 285, 100, 6
2026/03/27 14:47:35.028, 13.44, 285, 100, 6
2026/03/27 14:47:35.139, 13.41, 285, 100, 5
2026/03/27 14:47:35.250, 13.41, 285, 100, 5
2026/03/27 14:47:35.361, 13.41, 285, 100, 5
2026/03/27 14:47:35.471, 13.41, 285, 100, 5
2026/03/27 14:47:35.582, 13.41, 285, 100, 5
2026/03/27 14:47:35.693, 13.41, 285, 100, 5
2026/03/27 14:47:35.804, 13.41, 285, 100, 5
2026/03/27 14:47:35.912, 13.41, 285, 100, 5
2026/03/27 14:47:36.021, 13.41, 285, 100, 5
2026/03/27 14:47:36.130, 13.41, 285, 100, 5
2026/03/27 14:47:36.241, 13.41, 285, 100, 5
2026/03/27 14:47:36.351, 13.41, 285, 100, 5
2026/03/27 14:47:36.461, 13.41, 285, 100, 5
2026/03/27 14:47:36.571, 13.41, 285, 100, 5
2026/03/27 14:47:36.681, 13.42, 285, 100, 5
2026/03/27 14:47:36.791, 13.42, 285, 100, 5
2026/03/27 14:47:36.901, 13.42, 285, 100, 5
2026/03/27 14:47:37.011, 13.42, 285, 100, 5
2026/03/27 14:47:37.121, 13.44, 285, 100, 5
2026/03/27 14:47:37.231, 13.44, 285, 100, 5
2026/03/27 14:47:37.341, 13.44, 285, 100, 5
2026/03/27 14:47:37.450, 13.44, 285, 100, 5
2026/03/27 14:47:37.559, 13.44, 285, 100, 5
2026/03/27 14:47:37.670, 13.43, 285, 100, 5
2026/03/27 14:47:37.781, 13.43, 285, 100, 5
2026/03/27 14:47:37.891, 13.43, 285, 100, 5
2026/03/27 14:47:38.000, 13.43, 285, 100, 5
2026/03/27 14:47:38.111, 13.43, 285, 100, 6
2026/03/27 14:47:38.222, 13.43, 285, 100, 6
2026/03/27 14:47:38.331, 13.43, 285, 100, 6
2026/03/27 14:47:38.441, 13.43, 285, 100, 6
2026/03/27 14:47:38.550, 13.43, 285, 100, 6
2026/03/27 14:47:38.660, 13.44, 285, 100, 6
2026/03/27 14:47:38.771, 13.44, 285, 100, 6
2026/03/27 14:47:38.880, 13.44, 285, 100, 6
2026/03/27 14:47:38.990, 13.44, 285, 100, 6
2026/03/27 14:47:39.100, 13.43, 285, 100, 5
2026/03/27 14:47:39.210, 13.43, 285, 100, 5
2026/03/27 14:47:39.317, 13.43, 285, 100, 5
2026/03/27 14:47:39.427, 13.43, 285, 100, 5
2026/03/27 14:47:39.537, 13.43, 285, 100, 5
2026/03/27 14:47:39.647, 13.42, 285, 100, 5
2026/03/27 14:47:39.756, 13.42, 285, 100, 5
2026/03/27 14:47:39.864, 13.42, 285, 100, 5
2026/03/27 14:47:39.974, 13.42, 285, 100, 5
2026/03/27 14:47:40.085, 13.41, 285, 100, 5
2026/03/27 14:47:40.193, 13.41, 285, 100, 5
2026/03/27 14:47:40.304, 13.41, 285, 100, 5
2026/03/27 14:47:40.412, 13.41, 285, 100, 5
2026/03/27 14:47:40.521, 13.41, 285, 100, 5
2026/03/27 14:47:40.632, 13.42, 285, 100, 5
2026/03/27 14:47:40.743, 13.42, 285, 100, 5
2026/03/27 14:47:40.852, 13.42, 285, 100, 5
2026/03/27 14:47:40.961, 13.42, 285, 100, 5
2026/03/27 14:47:41.070, 13.42, 285, 100, 5
2026/03/27 14:47:41.180, 13.44, 285, 100, 5
2026/03/27 14:47:41.291, 13.44, 285, 100, 5
2026/03/27 14:47:41.401, 13.44, 285, 100, 5
2026/03/27 14:47:41.510, 13.44, 285, 100, 5
2026/03/27 14:47:41.621, 13.44, 285, 100, 5
2026/03/27 14:47:41.731, 13.44, 285, 100, 5
2026/03/27 14:47:41.841, 13.44, 285, 100, 5
2026/03/27 14:47:41.951, 13.44, 285, 100, 5
2026/03/27 14:47:42.061, 13.44, 285, 100, 5
2026/03/27 14:47:42.171, 13.42, 285, 100, 6
2026/03/27 14:47:42.281, 13.42, 285, 100, 6
2026/03/27 14:47:42.392, 13.42, 285, 100, 6
2026/03/27 14:47:42.503, 13.42, 285, 100, 6
2026/03/27 14:47:42.613, 13.42, 285, 100, 6
2026/03/27 14:47:42.723, 13.42, 285, 100, 6
2026/03/27 14:47:42.833, 13.42, 285, 100, 6
2026/03/27 14:47:42.943, 13.42, 285, 100, 6
2026/03/27 14:47:43.052, 13.42, 285, 100, 6
2026/03/27 14:47:43.162, 13.44, 285, 100, 5
2026/03/27 14:47:43.271, 13.44, 285, 100, 5
2026/03/27 14:47:43.380, 13.44, 285, 100, 5
2026/03/27 14:47:43.489, 13.44, 285, 100, 5
2026/03/27 14:47:43.597, 13.43, 285, 100, 5
2026/03/27 14:47:43.706, 13.43, 285, 100, 5
2026/03/27 14:47:43.815, 13.43, 285, 100, 5
2026/03/27 14:47:43.926, 13.43, 285, 100, 5
2026/03/27 14:47:44.037, 13.43, 285, 100, 5
2026/03/27 14:47:44.146, 13.43, 285, 100, 5
2026/03/27 14:47:44.257, 13.43, 285, 100, 5
2026/03/27 14:47:44.366, 13.43, 285, 100, 5
2026/03/27 14:47:44.477, 13.43, 285, 100, 5
2026/03/27 14:47:44.586, 13.43, 285, 100, 5
2026/03/27 14:47:44.696, 13.43, 285, 100, 5
2026/03/27 14:47:44.807, 13.43, 285, 100, 5
2026/03/27 14:47:44.916, 13.43, 285, 100, 5
2026/03/27 14:47:45.026, 13.43, 285, 100, 5
2026/03/27 14:47:45.137, 13.43, 285, 100, 5
2026/03/27 14:47:45.247, 13.43, 285, 100, 5
2026/03/27 14:47:45.357, 13.43, 285, 100, 5
2026/03/27 14:47:45.467, 13.43, 285, 100, 5
2026/03/27 14:47:45.576, 13.42, 285, 100, 5
2026/03/27 14:47:45.687, 13.42, 285, 100, 5
2026/03/27 14:47:45.797, 13.42, 285, 100, 5
2026/03/27 14:47:45.907, 13.42, 285, 100, 5
2026/03/27 14:47:46.017, 13.42, 285, 100, 5
2026/03/27 14:47:46.126, 13.41, 285, 100, 6
2026/03/27 14:47:46.236, 13.41, 285, 100, 6
2026/03/27 14:47:46.347, 13.41, 285, 100, 6
2026/03/27 14:47:46.456, 13.41, 285, 100, 6
2026/03/27 14:47:46.566, 13.41, 285, 100, 6
2026/03/27 14:47:46.677, 13.42, 285, 100, 6
2026/03/27 14:47:46.787, 13.42, 285, 100, 6
2026/03/27 14:47:46.897, 13.42, 285, 100, 6
2026/03/27 14:47:47.007, 13.42, 285, 100, 6
2026/03/27 14:47:47.118, 13.40, 285, 100, 5
2026/03/27 14:47:47.228, 13.40, 285, 100, 5
2026/03/27 14:47:47.338, 13.40, 285, 100, 5
2026/03/27 14:47:47.449, 13.40, 285, 100, 5
2026/03/27 14:47:47.557, 13.40, 285, 100, 5
2026/03/27 14:47:47.666, 13.42, 285, 100, 5
2026/03/27 14:47:47.777, 13.42, 285, 100, 5
2026/03/27 14:47:47.887, 13.42, 285, 100, 5
2026/03/27 14:47:47.996, 13.42, 285, 100, 5
2026/03/27 14:47:48.105, 13.43, 285, 100, 5
2026/03/27 14:47:48.214, 13.43, 285, 100, 5
2026/03/27 14:47:48.325, 13.43, 285, 100, 5
2026/03/27 14:47:48.432, 13.43, 285, 100, 5
2026/03/27 14:47:48.542, 13.43, 285, 100, 5
2026/03/27 14:47:48.652, 13.42, 285, 100, 5
2026/03/27 14:47:48.762, 13.42, 285, 100, 5
2026/03/27 14:47:48.873, 13.42, 285, 100, 5
2026/03/27 14:47:48.983, 13.42, 285, 100, 5
2026/03/27 14:47:49.094, 13.46, 285, 100, 5
2026/03/27 14:47:49.204, 13.46, 285, 100, 5
2026/03/27 14:47:49.313, 13.46, 285, 100, 5
2026/03/27 14:47:49.422, 13.46, 285, 100, 5
2026/03/27 14:47:49.532, 13.46, 285, 100, 5
2026/03/27 14:47:49.642, 13.45, 285, 100, 5
2026/03/27 14:47:49.750, 13.45, 285, 100, 5
2026/03/27 14:47:49.860, 13.45, 285, 100, 5
2026/03/27 14:47:49.971, 13.45, 285, 100, 5
2026/03/27 14:47:50.080, 13.42, 285, 100, 6
2026/03/27 14:47:50.190, 13.42, 285, 100, 6
2026/03/27 14:47:50.299, 13.42, 285, 100, 6
2026/03/27 14:47:50.410, 13.42, 285, 100, 6
2026/03/27 14:47:50.520, 13.42, 285, 100, 6
2026/03/27 14:47:50.630, 13.41, 285, 100, 6
2026/03/27 14:47:50.741, 13.41, 285, 100, 6
2026/03/27 14:47:50.850, 13.41, 285, 100, 6
2026/03/27 14:47:50.958, 13.41, 285, 100, 6
2026/03/27 14:47:51.068, 13.41, 285, 100, 6
2026/03/27 14:47:51.176, 13.40, 285, 100, 6
2026/03/27 14:47:51.287, 13.40, 285, 100, 6
2026/03/27 14:47:51.396, 13.40, 285, 100, 6
2026/03/27 14:47:51.505, 13.40, 285, 100, 6
2026/03/27 14:47:51.614, 13.42, 285, 100, 6
2026/03/27 14:47:51.722, 13.42, 285, 100, 6
2026/03/27 14:47:51.833, 13.42, 285, 100, 6
2026/03/27 14:47:51.944, 13.42, 285, 100, 6
2026/03/27 14:47:52.052, 13.42, 285, 100, 6
2026/03/27 14:47:52.162, 13.43, 285, 100, 5
2026/03/27 14:47:52.271, 13.43, 285, 100, 5
2026/03/27 14:47:52.379, 13.43, 285, 100, 5
2026/03/27 14:47:52.489, 13.43, 285, 100, 5
2026/03/27 14:47:52.598, 13.42, 285, 100, 5
2026/03/27 14:47:52.709, 13.42, 285, 100, 5
2026/03/27 14:47:52.817, 13.42, 285, 100, 5
2026/03/27 14:47:52.926, 13.42, 285, 100, 5
2026/03/27 14:47:53.036, 13.42, 285, 100, 5
2026/03/27 14:47:53.146, 13.42, 285, 100, 6
2026/03/27 14:47:53.255, 13.42, 285, 100, 6
2026/03/27 14:47:53.364, 13.42, 285, 100, 6
2026/03/27 14:47:53.475, 13.42, 285, 100, 6
2026/03/27 14:47:53.583, 13.42, 285, 100, 6
2026/03/27 14:47:53.692, 13.42, 285, 100, 6
2026/03/27 14:47:53.803, 13.42, 285, 100, 6
2026/03/27 14:47:53.911, 13.42, 285, 100, 6
2026/03/27 14:47:54.021, 13.42, 285, 100, 6
2026/03/27 14:47:54.132, 13.44, 285, 100, 6
2026/03/27 14:47:54.240, 13.44, 285, 100, 6
2026/03/27 14:47:54.349, 13.44, 285, 100, 6
2026/03/27 14:47:54.456, 13.44, 285, 100, 6
2026/03/27 14:47:54.566, 13.44, 285, 100, 6
2026/03/27 14:47:54.674, 13.44, 285, 100, 6
2026/03/27 14:47:54.784, 13.44, 285, 100, 6
2026/03/27 14:47:54.894, 13.44, 285, 100, 6
2026/03/27 14:47:55.003, 13.44, 285, 100, 6
2026/03/27 14:47:55.113, 13.41, 285, 100, 5
2026/03/27 14:47:55.222, 13.41, 285, 100, 5
2026/03/27 14:47:55.331, 13.41, 285, 100, 5
2026/03/27 14:47:55.440, 13.41, 285, 100, 5
2026/03/27 14:47:55.550, 13.41, 285, 100, 5
2026/03/27 14:47:55.659, 13.41, 285, 100, 5
2026/03/27 14:47:55.767, 13.41, 285, 100, 5
2026/03/27 14:47:55.877, 13.41, 285, 100, 5
2026/03/27 14:47:55.985, 13.41, 285, 100, 5
2026/03/27 14:47:56.095, 13.42, 285, 100, 5
2026/03/27 14:47:56.204, 13.42, 285, 100, 5
2026/03/27 14:47:56.315, 13.42, 285, 100, 5
2026/03/27 14:47:56.426, 13.42, 285, 100, 5
2026/03/27 14:47:56.536, 13.42, 285, 100, 5
2026/03/27 14:47:56.647, 13.42, 285, 100, 5
2026/03/27 14:47:56.755, 13.42, 285, 100, 5
2026/03/27 14:47:56.864, 13.42, 285, 100, 5
2026/03/27 14:47:56.974, 13.42, 285, 100, 5
2026/03/27 14:47:57.084, 13.42, 285, 100, 5
2026/03/27 14:47:57.195, 13.42, 285, 100, 5
2026/03/27 14:47:57.306, 13.42, 285, 100, 5
2026/03/27 14:47:57.417, 13.42, 285, 100, 5
2026/03/27 14:47:57.526, 13.42, 285, 100, 5
2026/03/27 14:47:57.635, 13.42, 285, 100, 5
2026/03/27 14:47:57.745, 13.42, 285, 100, 5
2026/03/27 14:47:57.853, 13.42, 285, 100, 5
2026/03/27 14:47:57.962, 13.42, 285, 100, 5
2026/03/27 14:47:58.072, 13.42, 285, 100, 5
2026/03/27 14:47:58.181, 13.43, 285, 100, 6
2026/03/27 14:47:58.291, 13.43, 285, 100, 6
2026/03/27 14:47:58.400, 13.43, 285, 100, 6
2026/03/27 14:47:58.511, 13.43, 285, 100, 6
2026/03/27 14:47:58.621, 13.44, 285, 100, 6
2026/03/27 14:47:58.733, 13.44, 285, 100, 6
2026/03/27 14:47:58.843, 13.44, 285, 100, 6
2026/03/27 14:47:58.954, 13.44, 285, 100, 6
2026/03/27 14:47:59.063, 13.44, 285, 100, 6
2026/03/27 14:47:59.174, 13.44, 285, 100, 5
2026/03/27 14:47:59.284, 13.44, 285, 100, 5
2026/03/27 14:47:59.395, 13.44, 285, 100, 5
2026/03/27 14:47:59.505, 13.44, 285, 100, 5
2026/03/27 14:47:59.613, 13.44, 285, 100, 5
2026/03/27 14:47:59.724, 13.44, 285, 100, 5
2026/03/27 14:47:59.833, 13.44, 285, 100, 5
2026/03/27 14:47:59.944, 13.44, 285, 100, 5
2026/03/27 14:48:00.054, 13.44, 285, 100, 5
2026/03/27 14:48:00.165, 13.41, 285, 100, 5
2026/03/27 14:48:00.276, 13.41, 285, 100, 5
2026/03/27 14:48:00.387, 13.41, 285, 100, 5
2026/03/27 14:48:00.496, 13.41, 285, 100, 5
2026/03/27 14:48:00.608, 13.42, 285, 100, 5
2026/03/27 14:48:00.720, 13.42, 285, 100, 5
2026/03/27 14:48:00.829, 13.42, 285, 100, 5
2026/03/27 14:48:00.940, 13.42, 285, 100, 5
2026/03/27 14:48:01.050, 13.42, 285, 100, 5
2026/03/27 14:48:01.159, 13.41, 285, 100, 5
2026/03/27 14:48:01.270, 13.41, 285, 100, 5
2026/03/27 14:48:01.379, 13.41, 285, 100, 5
2026/03/27 14:48:01.487, 13.41, 285, 100, 5
2026/03/27 14:48:01.597, 13.42, 285, 100, 5
2026/03/27 14:48:01.707, 13.42, 285, 100, 5
2026/03/27 14:48:01.816, 13.42, 285, 100, 5
2026/03/27 14:48:01.927, 13.42, 285, 100, 5
2026/03/27 14:48:02.037, 13.42, 285, 100, 5
2026/03/27 14:48:02.148, 13.44, 285, 100, 6
2026/03/27 14:48:02.257, 13.44, 285, 100, 6
2026/03/27 14:48:02.366, 13.44, 285, 100, 6
2026/03/27 14:48:02.474, 13.44, 285, 100, 6
2026/03/27 14:48:02.584, 13.43, 285, 100, 6
2026/03/27 14:48:02.695, 13.43, 285, 100, 6
2026/03/27 14:48:02.805, 13.43, 285, 100, 6
2026/03/27 14:48:02.915, 13.43, 285, 100, 6
2026/03/27 14:48:03.027, 13.43, 285, 100, 6
2026/03/27 14:48:03.137, 13.40, 285, 100, 5
2026/03/27 14:48:03.246, 13.40, 285, 100, 5
2026/03/27 14:48:03.355, 13.40, 285, 100, 5
2026/03/27 14:48:03.466, 13.40, 285, 100, 5
2026/03/27 14:48:03.578, 13.41, 285, 100, 5
2026/03/27 14:48:03.688, 13.41, 285, 100, 5
2026/03/27 14:48:03.799, 13.41, 285, 100, 5
2026/03/27 14:48:03.911, 13.41, 285, 100, 5
2026/03/27 14:48:04.021, 13.41, 285, 100, 5
2026/03/27 14:48:04.131, 13.41, 285, 100, 5
2026/03/27 14:48:04.242, 13.41, 285, 100, 5
2026/03/27 14:48:04.352, 13.41, 285, 100, 5
2026/03/27 14:48:04.462, 13.41, 285, 100, 5
2026/03/27 14:48:04.572, 13.41, 285, 100, 5
2026/03/27 14:48:04.683, 13.39, 285, 100, 5
2026/03/27 14:48:04.794, 13.39, 285, 100, 5
2026/03/27 14:48:04.903, 13.39, 285, 100, 5
2026/03/27 14:48:05.015, 13.39, 285, 100, 5
2026/03/27 14:48:05.125, 13.38, 285, 100, 5
2026/03/27 14:48:05.235, 13.38, 285, 100, 5
2026/03/27 14:48:05.345, 13.38, 285, 100, 5
2026/03/27 14:48:05.454, 13.38, 285, 100, 5
2026/03/27 14:48:05.564, 13.38, 285, 100, 5
2026/03/27 14:48:05.674, 13.39, 285, 100, 5
2026/03/27 14:48:05.784, 13.39, 285, 100, 5
2026/03/27 14:48:05.894, 13.39, 285, 100, 5
2026/03/27 14:48:06.004, 13.39, 285, 100, 5
2026/03/27 14:48:06.112, 13.42, 285, 100, 6
2026/03/27 14:48:06.222, 13.42, 285, 100, 6
2026/03/27 14:48:06.331, 13.42, 285, 100, 6
2026/03/27 14:48:06.442, 13.42, 285, 100, 6
2026/03/27 14:48:06.551, 13.42, 285, 100, 6
2026/03/27 14:48:06.662, 13.41, 285, 100, 6
2026/03/27 14:48:06.770, 13.41, 285, 100, 6
2026/03/27 14:48:06.878, 13.41, 285, 100, 6
2026/03/27 14:48:06.988, 13.41, 285, 100, 6
2026/03/27 14:48:07.099, 13.41, 285, 100, 5
2026/03/27 14:48:07.209, 13.41, 285, 100, 5
2026/03/27 14:48:07.318, 13.41, 285, 100, 5
2026/03/27 14:48:07.429, 13.41, 285, 100, 5
2026/03/27 14:48:07.538, 13.41, 285, 100, 5
2026/03/27 14:48:07.649, 13.42, 285, 100, 5
2026/03/27 14:48:07.758, 13.42, 285, 100, 5
2026/03/27 14:48:07.868, 13.42, 285, 100, 5
2026/03/27 14:48:07.978, 13.42, 285, 100, 5
2026/03/27 14:48:08.088, 13.41, 285, 100, 5
2026/03/27 14:48:08.197, 13.41, 285, 100, 5
2026/03/27 14:48:08.307, 13.41, 285, 100, 5
2026/03/27 14:48:08.417, 13.41, 285, 100, 5
2026/03/27 14:48:08.529, 13.41, 285, 100, 5
2026/03/27 14:48:08.639, 13.40, 285, 100, 5
2026/03/27 14:48:08.750, 13.40, 285, 100, 5
2026/03/27 14:48:08.859, 13.40, 285, 100, 5
2026/03/27 14:48:08.968, 13.40, 285, 100, 5
2026/03/27 14:48:09.079, 13.42, 285, 100, 5
2026/03/27 14:48:09.191, 13.42, 285, 100, 5
2026/03/27 14:48:09.302, 13.42, 285, 100, 5
2026/03/27 14:48:09.413, 13.42, 285, 100, 5
2026/03/27 14:48:09.523, 13.42, 285, 100, 5
2026/03/27 14:48:09.635, 13.42, 285, 100, 5
2026/03/27 14:48:09.745, 13.42, 285, 100, 5
2026/03/27 14:48:09.856, 13.42, 285, 100, 5
2026/03/27 14:48:09.965, 13.42, 285, 100, 5
2026/03/27 14:48:10.075, 13.42, 285, 100, 5
2026/03/27 14:48:10.186, 13.45, 285, 100, 6
2026/03/27 14:48:10.296, 13.45, 285, 100, 6
2026/03/27 14:48:10.406, 13.45, 285, 100, 6
2026/03/27 14:48:10.517, 13.45, 285, 100, 6
2026/03/27 14:48:10.628, 13.43, 285, 100, 6
2026/03/27 14:48:10.739, 13.43, 285, 100, 6
2026/03/27 14:48:10.849, 13.43, 285, 100, 6
2026/03/27 14:48:10.960, 13.43, 285, 100, 6
2026/03/27 14:48:11.071, 13.43, 285, 100, 6
2026/03/27 14:48:11.181, 13.41, 285, 100, 6
2026/03/27 14:48:11.290, 13.41, 285, 100, 6
2026/03/27 14:48:11.400, 13.41, 285, 100, 6
2026/03/27 14:48:11.510, 13.41, 285, 100, 6
2026/03/27 14:48:11.619, 13.44, 285, 100, 6
2026/03/27 14:48:11.729, 13.44, 285, 100, 6
2026/03/27 14:48:11.840, 13.44, 285, 100, 6
2026/03/27 14:48:11.949, 13.44, 285, 100, 6
2026/03/27 14:48:12.058, 13.44, 285, 100, 6
2026/03/27 14:48:12.168, 13.45, 285, 100, 5
2026/03/27 14:48:12.279, 13.45, 285, 100, 5
2026/03/27 14:48:12.389, 13.45, 285, 100, 5
2026/03/27 14:48:12.499, 13.45, 285, 100, 5
2026/03/27 14:48:12.610, 13.44, 285, 100, 5
2026/03/27 14:48:12.721, 13.44, 285, 100, 5
2026/03/27 14:48:12.830, 13.44, 285, 100, 5
2026/03/27 14:48:12.941, 13.44, 285, 100, 5
2026/03/27 14:48:13.051, 13.44, 285, 100, 5
2026/03/27 14:48:13.161, 13.41, 285, 100, 5
2026/03/27 14:48:13.271, 13.41, 285, 100, 5
2026/03/27 14:48:13.381, 13.41, 285, 100, 5
2026/03/27 14:48:13.492, 13.41, 285, 100, 5
2026/03/27 14:48:13.602, 13.41, 285, 100, 5
2026/03/27 14:48:13.712, 13.41, 285, 100, 5
2026/03/27 14:48:13.822, 13.41, 285, 100, 5
2026/03/27 14:48:13.933, 13.41, 285, 100, 5
2026/03/27 14:48:14.044, 13.41, 285, 100, 5
2026/03/27 14:48:14.154, 13.44, 285, 100, 5
2026/03/27 14:48:14.263, 13.44, 285, 100, 5
2026/03/27 14:48:14.373, 13.44, 285, 100, 5
2026/03/27 14:48:14.485, 13.44, 285, 100, 5
2026/03/27 14:48:14.594, 13.45, 285, 100, 5
2026/03/27 14:48:14.705, 13.45, 285, 100, 5
2026/03/27 14:48:14.814, 13.45, 285, 100, 5
2026/03/27 14:48:14.926, 13.45, 285, 100, 5
2026/03/27 14:48:15.035, 13.45, 285, 100, 5
2026/03/27 14:48:15.144, 13.43, 285, 100, 6
2026/03/27 14:48:15.253, 13.43, 285, 100, 6
2026/03/27 14:48:15.362, 13.43, 285, 100, 6
2026/03/27 14:48:15.472, 13.43, 285, 100, 6
2026/03/27 14:48:15.581, 13.42, 285, 100, 6
2026/03/27 14:48:15.691, 13.42, 285, 100, 6
2026/03/27 14:48:15.802, 13.42, 285, 100, 6
2026/03/27 14:48:15.913, 13.42, 285, 100, 6
2026/03/27 14:48:16.024, 13.42, 285, 100, 6
2026/03/27 14:48:16.135, 13.42, 285, 100, 5
2026/03/27 14:48:16.243, 13.42, 285, 100, 5
2026/03/27 14:48:16.352, 13.42, 285, 100, 5
2026/03/27 14:48:16.461, 13.42, 285, 100, 5
2026/03/27 14:48:16.571, 13.42, 285, 100, 5
2026/03/27 14:48:16.680, 13.43, 285, 100, 5
2026/03/27 14:48:16.791, 13.43, 285, 100, 5
2026/03/27 14:48:16.900, 13.43, 285, 100, 5
2026/03/27 14:48:17.010, 13.43, 285, 100, 5
2026/03/27 14:48:17.120, 13.41, 285, 100, 5
2026/03/27 14:48:17.229, 13.41, 285, 100, 5
2026/03/27 14:48:17.339, 13.41, 285, 100, 5
2026/03/27 14:48:17.450, 13.41, 285, 100, 5
2026/03/27 14:48:17.559, 13.41, 285, 100, 5
2026/03/27 14:48:17.669, 13.41, 285, 100, 5
2026/03/27 14:48:17.779, 13.41, 285, 100, 5
2026/03/27 14:48:17.890, 13.41, 285, 100, 5
2026/03/27 14:48:18.000, 13.41, 285, 100, 5
2026/03/27 14:48:18.110, 13.41, 285, 100, 5
2026/03/27 14:48:18.219, 13.41, 285, 100, 5
2026/03/27 14:48:18.327, 13.41, 285, 100, 5
2026/03/27 14:48:18.438, 13.41, 285, 100, 5
2026/03/27 14:48:18.548, 13.41, 285, 100, 5
2026/03/27 14:48:18.658, 13.42, 285, 100, 5
2026/03/27 14:48:18.768, 13.42, 285, 100, 5
2026/03/27 14:48:18.878, 13.42, 285, 100, 5
2026/03/27 14:48:18.989, 13.42, 285, 100, 5
2026/03/27 14:48:19.099, 13.44, 285, 100, 6
2026/03/27 14:48:19.207, 13.44, 285, 100, 6
2026/03/27 14:48:19.317, 13.44, 285, 100, 6
2026/03/27 14:48:19.426, 13.44, 285, 100, 6
2026/03/27 14:48:19.535, 13.44, 285, 100, 6
2026/03/27 14:48:19.644, 13.42, 285, 100, 6
2026/03/27 14:48:19.754, 13.42, 285, 100, 6
2026/03/27 14:48:19.866, 13.42, 285, 100, 6
2026/03/27 14:48:19.976, 13.42, 285, 100, 6
2026/03/27 14:48:20.086, 13.42, 285, 100, 5
2026/03/27 14:48:20.195, 13.42, 285, 100, 5
2026/03/27 14:48:20.306, 13.42, 285, 100, 5
2026/03/27 14:48:20.416, 13.42, 285, 100, 5
2026/03/27 14:48:20.526, 13.42, 285, 100, 5
2026/03/27 14:48:20.637, 13.43, 285, 100, 5
2026/03/27 14:48:20.748, 13.43, 285, 100, 5
2026/03/27 14:48:20.858, 13.43, 285, 100, 5
2026/03/27 14:48:20.969, 13.43, 285, 100, 5
2026/03/27 14:48:21.080, 13.43, 285, 100, 5
2026/03/27 14:48:21.189, 13.43, 285, 100, 5
2026/03/27 14:48:21.300, 13.43, 285, 100, 5
2026/03/27 14:48:21.410, 13.43, 285, 100, 5
2026/03/27 14:48:21.519, 13.43, 285, 100, 5
2026/03/27 14:48:21.629, 13.43, 285, 100, 5
2026/03/27 14:48:21.739, 13.43, 285, 100, 5
2026/03/27 14:48:21.848, 13.43, 285, 100, 5
2026/03/27 14:48:21.957, 13.43, 285, 100, 5
2026/03/27 14:48:22.065, 13.43, 285, 100, 5
2026/03/27 14:48:22.173, 13.45, 285, 100, 5
2026/03/27 14:48:22.283, 13.45, 285, 100, 5
2026/03/27 14:48:22.393, 13.45, 285, 100, 5
2026/03/27 14:48:22.504, 13.45, 285, 100, 5
2026/03/27 14:48:22.613, 13.43, 285, 100, 5
2026/03/27 14:48:22.723, 13.43, 285, 100, 5
2026/03/27 14:48:22.832, 13.43, 285, 100, 5
2026/03/27 14:48:22.942, 13.43, 285, 100, 5
2026/03/27 14:48:23.052, 13.43, 285, 100, 5
2026/03/27 14:48:23.162, 13.43, 285, 100, 6
2026/03/27 14:48:23.272, 13.43, 285, 100, 6
2026/03/27 14:48:23.380, 13.43, 285, 100, 6
2026/03/27 14:48:23.491, 13.43, 285, 100, 6
2026/03/27 14:48:23.601, 13.41, 285, 100, 6
2026/03/27 14:48:23.711, 13.41, 285, 100, 6
2026/03/27 14:48:23.820, 13.41, 285, 100, 6
2026/03/27 14:48:23.930, 13.41, 285, 100, 6
2026/03/27 14:48:24.039, 13.41, 285, 100, 6
2026/03/27 14:48:24.150, 13.40, 285, 100, 6
2026/03/27 14:48:24.259, 13.40, 285, 100, 6
2026/03/27 14:48:24.369, 13.40, 285, 100, 6
2026/03/27 14:48:24.478, 13.40, 285, 100, 6
2026/03/27 14:48:24.589, 13.42, 285, 100, 6
2026/03/27 14:48:24.700, 13.42, 285, 100, 6
2026/03/27 14:48:24.812, 13.42, 285, 100, 6
2026/03/27 14:48:24.921, 13.42, 285, 100, 6
2026/03/27 14:48:25.029, 13.42, 285, 100, 6
2026/03/27 14:48:25.140, 13.42, 285, 100, 5
2026/03/27 14:48:25.250, 13.42, 285, 100, 5
2026/03/27 14:48:25.359, 13.42, 285, 100, 5
2026/03/27 14:48:25.469, 13.42, 285, 100, 5
2026/03/27 14:48:25.580, 13.42, 285, 100, 5
2026/03/27 14:48:25.689, 13.41, 285, 100, 5
2026/03/27 14:48:25.800, 13.41, 285, 100, 5
2026/03/27 14:48:25.911, 13.41, 285, 100, 5
2026/03/27 14:48:26.021, 13.41, 285, 100, 5
2026/03/27 14:48:26.131, 13.43, 285, 100, 5
2026/03/27 14:48:26.241, 13.43, 285, 100, 5
2026/03/27 14:48:26.350, 13.43, 285, 100, 5
2026/03/27 14:48:26.459, 13.43, 285, 100, 5
2026/03/27 14:48:26.569, 13.43, 285, 100, 5
2026/03/27 14:48:26.679, 13.43, 285, 100, 5
2026/03/27 14:48:26.789, 13.43, 285, 100, 5
2026/03/27 14:48:26.900, 13.43, 285, 100, 5
2026/03/27 14:48:27.010, 13.43, 285, 100, 5
2026/03/27 14:48:27.120, 13.43, 285, 100, 6
2026/03/27 14:48:27.229, 13.43, 285, 100, 6
2026/03/27 14:48:27.339, 13.43, 285, 100, 6
2026/03/27 14:48:27.449, 13.43, 285, 100, 6
2026/03/27 14:48:27.560, 13.43, 285, 100, 6
2026/03/27 14:48:27.669, 13.41, 285, 100, 6
2026/03/27 14:48:27.779, 13.41, 285, 100, 6
2026/03/27 14:48:27.891, 13.41, 285, 100, 6
2026/03/27 14:48:28.000, 13.41, 285, 100, 6
2026/03/27 14:48:28.108, 13.41, 285, 100, 6
2026/03/27 14:48:28.219, 13.41, 285, 100, 6
2026/03/27 14:48:28.329, 13.41, 285, 100, 6
2026/03/27 14:48:28.438, 13.41, 285, 100, 6
2026/03/27 14:48:28.549, 13.41, 285, 100, 6
2026/03/27 14:48:28.659, 13.40, 285, 100, 6
2026/03/27 14:48:28.770, 13.40, 285, 100, 6
2026/03/27 14:48:28.881, 13.40, 285, 100, 6
2026/03/27 14:48:28.990, 13.40, 285, 100, 6
2026/03/27 14:48:29.101, 13.39, 285, 100, 5
2026/03/27 14:48:29.212, 13.39, 285, 100, 5
2026/03/27 14:48:29.323, 13.39, 285, 100, 5
2026/03/27 14:48:29.432, 13.39, 285, 100, 5
2026/03/27 14:48:29.542, 13.39, 285, 100, 5
2026/03/27 14:48:29.653, 13.41, 285, 100, 5
2026/03/27 14:48:29.763, 13.41, 285, 100, 5
2026/03/27 14:48:29.874, 13.41, 285, 100, 5
2026/03/27 14:48:29.984, 13.41, 285, 100, 5
2026/03/27 14:48:30.095, 13.41, 285, 100, 5
2026/03/27 14:48:30.205, 13.41, 285, 100, 5
2026/03/27 14:48:30.316, 13.41, 285, 100, 5
2026/03/27 14:48:30.424, 13.41, 285, 100, 5
2026/03/27 14:48:30.534, 13.41, 285, 100, 5
2026/03/27 14:48:30.644, 13.39, 285, 100, 5
2026/03/27 14:48:30.754, 13.39, 285, 100, 5
2026/03/27 14:48:30.866, 13.39, 285, 100, 5
2026/03/27 14:48:30.974, 13.39, 285, 100, 5
2026/03/27 14:48:31.085, 13.41, 285, 100, 5
2026/03/27 14:48:31.196, 13.41, 285, 100, 5
2026/03/27 14:48:31.306, 13.41, 285, 100, 5
2026/03/27 14:48:31.416, 13.41, 285, 100, 5
2026/03/27 14:48:31.526, 13.41, 285, 100, 5
2026/03/27 14:48:31.637, 13.44, 285, 100, 5
2026/03/27 14:48:31.746, 13.44, 285, 100, 5
2026/03/27 14:48:31.857, 13.44, 285, 100, 5
2026/03/27 14:48:31.966, 13.44, 285, 100, 5
2026/03/27 14:48:32.076, 13.44, 285, 100, 5
2026/03/27 14:48:32.185, 13.42, 285, 100, 6
2026/03/27 14:48:32.295, 13.42, 285, 100, 6
2026/03/27 14:48:32.407, 13.42, 285, 100, 6
2026/03/27 14:48:32.516, 13.42, 285, 100, 6
2026/03/27 14:48:32.627, 13.42, 285, 100, 6
2026/03/27 14:48:32.738, 13.42, 285, 100, 6
2026/03/27 14:48:32.848, 13.42, 285, 100, 6
2026/03/27 14:48:32.960, 13.42, 285, 100, 6
2026/03/27 14:48:33.072, 13.42, 285, 100, 6
2026/03/27 14:48:33.181, 13.42, 285, 100, 5
2026/03/27 14:48:33.292, 13.42, 285, 100, 5
2026/03/27 14:48:33.402, 13.42, 285, 100, 5
2026/03/27 14:48:33.511, 13.42, 285, 100, 5
2026/03/27 14:48:33.621, 13.43, 285, 100, 5
2026/03/27 14:48:33.731, 13.43, 285, 100, 5
2026/03/27 14:48:33.842, 13.43, 285, 100, 5
2026/03/27 14:48:33.952, 13.43, 285, 100, 5
2026/03/27 14:48:34.062, 13.43, 285, 100, 5
2026/03/27 14:48:34.171, 13.44, 285, 100, 5
2026/03/27 14:48:34.282, 13.44, 285, 100, 5
2026/03/27 14:48:34.392, 13.44, 285, 100, 5
2026/03/27 14:48:34.502, 13.44, 285, 100, 5
2026/03/27 14:48:34.613, 13.42, 285, 100, 5
2026/03/27 14:48:34.723, 13.42, 285, 100, 5
2026/03/27 14:48:34.833, 13.42, 285, 100, 5
2026/03/27 14:48:34.944, 13.42, 285, 100, 5
2026/03/27 14:48:35.054, 13.42, 285, 100, 5
2026/03/27 14:48:35.164, 13.43, 285, 100, 5
2026/03/27 14:48:35.274, 13.43, 285, 100, 5
2026/03/27 14:48:35.386, 13.43, 285, 100, 5
2026/03/27 14:48:35.497, 13.43, 285, 100, 5
2026/03/27 14:48:35.607, 13.44, 285, 100, 5
2026/03/27 14:48:35.715, 13.44, 285, 100, 5
2026/03/27 14:48:35.824, 13.44, 285, 100, 5
2026/03/27 14:48:35.934, 13.44, 285, 100, 5
2026/03/27 14:48:36.044, 13.44, 285, 100, 5
2026/03/27 14:48:36.154, 13.47, 285, 100, 6
2026/03/27 14:48:36.260, 13.47, 285, 100, 6
2026/03/27 14:48:36.368, 13.47, 285, 100, 6
2026/03/27 14:48:36.476, 13.47, 285, 100, 6
2026/03/27 14:48:36.587, 13.45, 285, 100, 6
2026/03/27 14:48:36.695, 13.45, 285, 100, 6
2026/03/27 14:48:36.804, 13.45, 285, 100, 6
2026/03/27 14:48:36.914, 13.45, 285, 100, 6
2026/03/27 14:48:37.025, 13.45, 285, 100, 6
2026/03/27 14:48:37.134, 13.41, 285, 100, 5
2026/03/27 14:48:37.243, 13.41, 285, 100, 5
2026/03/27 14:48:37.352, 13.41, 285, 100, 5
2026/03/27 14:48:37.462, 13.41, 285, 100, 5
2026/03/27 14:48:37.572, 13.41, 285, 100, 5
2026/03/27 14:48:37.683, 13.39, 285, 100, 5
2026/03/27 14:48:37.793, 13.39, 285, 100, 5
2026/03/27 14:48:37.902, 13.39, 285, 100, 5
2026/03/27 14:48:38.013, 13.39, 285, 100, 5
2026/03/27 14:48:38.124, 13.39, 285, 100, 5
2026/03/27 14:48:38.234, 13.39, 285, 100, 5
2026/03/27 14:48:38.345, 13.39, 285, 100, 5
2026/03/27 14:48:38.455, 13.39, 285, 100, 5
2026/03/27 14:48:38.565, 13.39, 285, 100, 5
2026/03/27 14:48:38.676, 13.40, 285, 100, 5
2026/03/27 14:48:38.786, 13.40, 285, 100, 5
2026/03/27 14:48:38.896, 13.40, 285, 100, 5
2026/03/27 14:48:39.005, 13.40, 285, 100, 5
2026/03/27 14:48:39.115, 13.42, 285, 100, 6
2026/03/27 14:48:39.224, 13.42, 285, 100, 6
2026/03/27 14:48:39.335, 13.42, 285, 100, 6
2026/03/27 14:48:39.446, 13.42, 285, 100, 6
2026/03/27 14:48:39.555, 13.42, 285, 100, 6
2026/03/27 14:48:39.666, 13.41, 285, 100, 6
2026/03/27 14:48:39.776, 13.41, 285, 100, 6
2026/03/27 14:48:39.886, 13.41, 285, 100, 6
2026/03/27 14:48:39.997, 13.41, 285, 100, 6
2026/03/27 14:48:40.107, 13.42, 285, 100, 6
2026/03/27 14:48:40.218, 13.42, 285, 100, 6
2026/03/27 14:48:40.329, 13.42, 285, 100, 6
2026/03/27 14:48:40.439, 13.42, 285, 100, 6
2026/03/27 14:48:40.548, 13.42, 285, 100, 6
2026/03/27 14:48:40.658, 13.40, 285, 100, 6
2026/03/27 14:48:40.769, 13.40, 285, 100, 6
2026/03/27 14:48:40.878, 13.40, 285, 100, 6
2026/03/27 14:48:40.989, 13.40, 285, 100, 6
2026/03/27 14:48:41.100, 13.41, 285, 100, 6
2026/03/27 14:48:41.209, 13.41, 285, 100, 6
2026/03/27 14:48:41.320, 13.41, 285, 100, 6
2026/03/27 14:48:41.431, 13.41, 285, 100, 6
2026/03/27 14:48:41.541, 13.41, 285, 100, 6
2026/03/27 14:48:41.650, 13.44, 285, 100, 6
2026/03/27 14:48:41.759, 13.44, 285, 100, 6
2026/03/27 14:48:41.869, 13.44, 285, 100, 6
2026/03/27 14:48:41.980, 13.44, 285, 100, 6
2026/03/27 14:48:42.090, 13.43, 285, 100, 5
2026/03/27 14:48:42.200, 13.43, 285, 100, 5
2026/03/27 14:48:42.311, 13.43, 285, 100, 5
2026/03/27 14:48:42.421, 13.43, 285, 100, 5
2026/03/27 14:48:42.532, 13.43, 285, 100, 5
2026/03/27 14:48:42.642, 13.42, 285, 100, 5
2026/03/27 14:48:42.755, 13.42, 285, 100, 5
2026/03/27 14:48:42.864, 13.42, 285, 100, 5
2026/03/27 14:48:42.974, 13.42, 285, 100, 5
2026/03/27 14:48:43.085, 13.42, 285, 100, 5
2026/03/27 14:48:43.196, 13.41, 285, 100, 5
2026/03/27 14:48:43.305, 13.41, 285, 100, 5
2026/03/27 14:48:43.416, 13.41, 285, 100, 5
2026/03/27 14:48:43.526, 13.41, 285, 100, 5
2026/03/27 14:48:43.637, 13.43, 285, 100, 5
2026/03/27 14:48:43.747, 13.43, 285, 100, 5
2026/03/27 14:48:43.856, 13.43, 285, 100, 5
2026/03/27 14:48:43.966, 13.43, 285, 100, 5
2026/03/27 14:48:44.075, 13.43, 285, 100, 5
2026/03/27 14:48:44.185, 13.44, 285, 100, 5
2026/03/27 14:48:44.295, 13.44, 285, 100, 5
2026/03/27 14:48:44.405, 13.44, 285, 100, 5
2026/03/27 14:48:44.514, 13.44, 285, 100, 5
2026/03/27 14:48:44.625, 13.40, 285, 100, 5
2026/03/27 14:48:44.734, 13.40, 285, 100, 5
2026/03/27 14:48:44.844, 13.40, 285, 100, 5
2026/03/27 14:48:44.955, 13.40, 285, 100, 5
2026/03/27 14:48:45.065, 13.40, 285, 100, 5
2026/03/27 14:48:45.173, 13.38, 285, 100, 6
2026/03/27 14:48:45.285, 13.38, 285, 100, 6
2026/03/27 14:48:45.395, 13.38, 285, 100, 6
2026/03/27 14:48:45.506, 13.38, 285, 100, 6
2026/03/27 14:48:45.614, 13.38, 285, 100, 6
2026/03/27 14:48:45.724, 13.38, 285, 100, 6
2026/03/27 14:48:45.833, 13.38, 285, 100, 6
2026/03/27 14:48:45.942, 13.38, 285, 100, 6
2026/03/27 14:48:46.052, 13.38, 285, 100, 6
2026/03/27 14:48:46.161, 13.39, 285, 100, 5
2026/03/27 14:48:46.270, 13.39, 285, 100, 5
2026/03/27 14:48:46.379, 13.39, 285, 100, 5
2026/03/27 14:48:46.489, 13.39, 285, 100, 5
2026/03/27 14:48:46.598, 13.42, 285, 100, 5
2026/03/27 14:48:46.708, 13.42, 285, 100, 5
2026/03/27 14:48:46.818, 13.42, 285, 100, 5
2026/03/27 14:48:46.925, 13.42, 285, 100, 5
2026/03/27 14:48:47.036, 13.42, 285, 100, 5
2026/03/27 14:48:47.147, 13.40, 285, 100, 5
2026/03/27 14:48:47.257, 13.40, 285, 100, 5
2026/03/27 14:48:47.367, 13.40, 285, 100, 5
2026/03/27 14:48:47.476, 13.40, 285, 100, 5
2026/03/27 14:48:47.588, 13.41, 285, 100, 5
2026/03/27 14:48:47.698, 13.41, 285, 100, 5
2026/03/27 14:48:47.808, 13.41, 285, 100, 5
2026/03/27 14:48:47.918, 13.41, 285, 100, 5
2026/03/27 14:48:48.029, 13.41, 285, 100, 5
2026/03/27 14:48:48.139, 13.40, 285, 100, 5
2026/03/27 14:48:48.250, 13.40, 285, 100, 5
2026/03/27 14:48:48.359, 13.40, 285, 100, 5
2026/03/27 14:48:48.471, 13.40, 285, 100, 5
2026/03/27 14:48:48.582, 13.40, 285, 100, 5
2026/03/27 14:48:48.693, 13.40, 285, 100, 5
2026/03/27 14:48:48.802, 13.40, 285, 100, 5
2026/03/27 14:48:48.914, 13.40, 285, 100, 5
2026/03/27 14:48:49.024, 13.40, 285, 100, 5
2026/03/27 14:48:49.135, 13.41, 285, 100, 6
2026/03/27 14:48:49.246, 13.41, 285, 100, 6
2026/03/27 14:48:49.354, 13.41, 285, 100, 6
2026/03/27 14:48:49.465, 13.41, 285, 100, 6
2026/03/27 14:48:49.576, 13.41, 285, 100, 6
2026/03/27 14:48:49.687, 13.43, 285, 100, 6
2026/03/27 14:48:49.798, 13.43, 285, 100, 6
2026/03/27 14:48:49.908, 13.43, 285, 100, 6
2026/03/27 14:48:50.018, 13.43, 285, 100, 6
2026/03/27 14:48:50.128, 13.42, 285, 100, 5
2026/03/27 14:48:50.238, 13.42, 285, 100, 5
2026/03/27 14:48:50.349, 13.42, 285, 100, 5
2026/03/27 14:48:50.459, 13.42, 285, 100, 5
2026/03/27 14:48:50.570, 13.42, 285, 100, 5
2026/03/27 14:48:50.680, 13.43, 285, 100, 5
2026/03/27 14:48:50.791, 13.43, 285, 100, 5
2026/03/27 14:48:50.901, 13.43, 285, 100, 5
2026/03/27 14:48:51.012, 13.43, 285, 100, 5
2026/03/27 14:48:51.120, 13.43, 285, 100, 5
2026/03/27 14:48:51.231, 13.43, 285, 100, 5
2026/03/27 14:48:51.343, 13.43, 285, 100, 5
2026/03/27 14:48:51.452, 13.43, 285, 100, 5
2026/03/27 14:48:51.562, 13.43, 285, 100, 5
2026/03/27 14:48:51.672, 13.42, 285, 100, 5
2026/03/27 14:48:51.783, 13.42, 285, 100, 5
2026/03/27 14:48:51.892, 13.42, 285, 100, 5
2026/03/27 14:48:52.003, 13.42, 285, 100, 5
2026/03/27 14:48:52.114, 13.43, 285, 100, 5
2026/03/27 14:48:52.225, 13.43, 285, 100, 5
2026/03/27 14:48:52.336, 13.43, 285, 100, 5
2026/03/27 14:48:52.445, 13.43, 285, 100, 5
2026/03/27 14:48:52.554, 13.43, 285, 100, 5
2026/03/27 14:48:52.665, 13.43, 285, 100, 5
2026/03/27 14:48:52.773, 13.43, 285, 100, 5
2026/03/27 14:48:52.879, 13.43, 285, 100, 5
2026/03/27 14:48:52.990, 13.43, 285, 100, 5
2026/03/27 14:48:53.101, 13.40, 285, 100, 6
2026/03/27 14:48:53.212, 13.40, 285, 100, 6
2026/03/27 14:48:53.323, 13.40, 285, 100, 6
2026/03/27 14:48:53.433, 13.40, 285, 100, 6
2026/03/27 14:48:53.543, 13.40, 285, 100, 6
2026/03/27 14:48:53.653, 13.41, 285, 100, 6
2026/03/27 14:48:53.764, 13.41, 285, 100, 6
2026/03/27 14:48:53.874, 13.41, 285, 100, 6
2026/03/27 14:48:53.985, 13.41, 285, 100, 6
2026/03/27 14:48:54.094, 13.43, 285, 100, 5
2026/03/27 14:48:54.206, 13.43, 285, 100, 5
2026/03/27 14:48:54.316, 13.43, 285, 100, 5
2026/03/27 14:48:54.426, 13.43, 285, 100, 5
2026/03/27 14:48:54.535, 13.43, 285, 100, 5
2026/03/27 14:48:54.645, 13.44, 285, 100, 5
2026/03/27 14:48:54.756, 13.44, 285, 100, 5
2026/03/27 14:48:54.867, 13.44, 285, 100, 5
2026/03/27 14:48:54.978, 13.44, 285, 100, 5
2026/03/27 14:48:55.088, 13.41, 285, 100, 5
2026/03/27 14:48:55.199, 13.41, 285, 100, 5
2026/03/27 14:48:55.309, 13.41, 285, 100, 5
2026/03/27 14:48:55.417, 13.41, 285, 100, 5
2026/03/27 14:48:55.528, 13.41, 285, 100, 5
2026/03/27 14:48:55.638, 13.41, 285, 100, 5
2026/03/27 14:48:55.747, 13.41, 285, 100, 5
2026/03/27 14:48:55.858, 13.41, 285, 100, 5
2026/03/27 14:48:55.969, 13.41, 285, 100, 5
2026/03/27 14:48:56.079, 13.41, 285, 100, 5
2026/03/27 14:48:56.189, 13.43, 285, 100, 5
2026/03/27 14:48:56.297, 13.43, 285, 100, 5
2026/03/27 14:48:56.406, 13.43, 285, 100, 5
2026/03/27 14:48:56.517, 13.43, 285, 100, 5
2026/03/27 14:48:56.628, 13.43, 285, 100, 5
2026/03/27 14:48:56.739, 13.43, 285, 100, 5
2026/03/27 14:48:56.848, 13.43, 285, 100, 5
2026/03/27 14:48:56.958, 13.43, 285, 100, 5
2026/03/27 14:48:57.068, 13.43, 285, 100, 5
2026/03/27 14:48:57.177, 13.43, 285, 100, 6
2026/03/27 14:48:57.286, 13.43, 285, 100, 6
2026/03/27 14:48:57.396, 13.43, 285, 100, 6
2026/03/27 14:48:57.506, 13.43, 285, 100, 6
2026/03/27 14:48:57.615, 13.39, 285, 100, 6
2026/03/27 14:48:57.726, 13.39, 285, 100, 6
2026/03/27 14:48:57.835, 13.39, 285, 100, 6
2026/03/27 14:48:57.943, 13.39, 285, 100, 6
2026/03/27 14:48:58.053, 13.39, 285, 100, 6
2026/03/27 14:48:58.162, 13.14, 285, 100, 5
2026/03/27 14:48:58.270, 13.14, 285, 100, 5
2026/03/27 14:48:58.381, 13.14, 285, 100, 5
2026/03/27 14:48:58.489, 13.14, 285, 100, 5
2026/03/27 14:48:58.599, 12.98, 285, 100, 5
2026/03/27 14:48:58.710, 12.98, 285, 100, 5
2026/03/27 14:48:58.818, 12.98, 285, 100, 5
2026/03/27 14:48:58.928, 12.98, 285, 100, 5
2026/03/27 14:48:59.040, 12.98, 285, 100, 5
2026/03/27 14:48:59.150, 13.21, 285, 100, 5
2026/03/27 14:48:59.260, 13.21, 285, 100, 5
2026/03/27 14:48:59.371, 13.21, 285, 100, 5
2026/03/27 14:48:59.482, 13.21, 285, 100, 5
2026/03/27 14:48:59.593, 13.40, 285, 100, 5
2026/03/27 14:48:59.704, 13.40, 285, 100, 5
2026/03/27 14:48:59.813, 13.40, 285, 100, 5
2026/03/27 14:48:59.921, 13.40, 285, 100, 5
2026/03/27 14:49:00.031, 13.40, 285, 100, 5
2026/03/27 14:49:00.141, 13.40, 285, 100, 6
2026/03/27 14:49:00.250, 13.40, 285, 100, 6
2026/03/27 14:49:00.361, 13.40, 285, 100, 6
2026/03/27 14:49:00.470, 13.40, 285, 100, 6
2026/03/27 14:49:00.580, 13.40, 285, 100, 6
2026/03/27 14:49:00.691, 13.41, 285, 100, 6
2026/03/27 14:49:00.801, 13.41, 285, 100, 6
2026/03/27 14:49:00.911, 13.41, 285, 100, 6
2026/03/27 14:49:01.021, 13.41, 285, 100, 6
2026/03/27 14:49:01.131, 13.41, 285, 100, 6
2026/03/27 14:49:01.240, 13.41, 285, 100, 6
2026/03/27 14:49:01.350, 13.41, 285, 100, 6
2026/03/27 14:49:01.458, 13.41, 285, 100, 6
2026/03/27 14:49:01.568, 13.41, 285, 100, 6
2026/03/27 14:49:01.676, 13.41, 285, 100, 6
2026/03/27 14:49:01.785, 13.41, 285, 100, 6
2026/03/27 14:49:01.894, 13.41, 285, 100, 6
2026/03/27 14:49:02.004, 13.41, 285, 100, 6
2026/03/27 14:49:02.115, 13.41, 285, 100, 5
2026/03/27 14:49:02.223, 13.41, 285, 100, 5
2026/03/27 14:49:02.333, 13.41, 285, 100, 5
2026/03/27 14:49:02.442, 13.41, 285, 100, 5
2026/03/27 14:49:02.552, 13.41, 285, 100, 5
2026/03/27 14:49:02.660, 13.41, 285, 100, 5
2026/03/27 14:49:02.770, 13.41, 285, 100, 5
2026/03/27 14:49:02.881, 13.41, 285, 100, 5
2026/03/27 14:49:02.988, 13.41, 285, 100, 5
2026/03/27 14:49:03.099, 13.41, 285, 100, 5
2026/03/27 14:49:03.207, 13.41, 285, 100, 5
2026/03/27 14:49:03.317, 13.41, 285, 100, 5
2026/03/27 14:49:03.426, 13.41, 285, 100, 5
2026/03/27 14:49:03.535, 13.41, 285, 100, 5
2026/03/27 14:49:03.645, 13.40, 285, 100, 5
2026/03/27 14:49:03.754, 13.40, 285, 100, 5
2026/03/27 14:49:03.865, 13.40, 285, 100, 5
2026/03/27 14:49:03.974, 13.40, 285, 100, 5
2026/03/27 14:49:04.080, 13.40, 285, 100, 5
2026/03/27 14:49:04.190, 13.42, 285, 100, 5
2026/03/27 14:49:04.301, 13.42, 285, 100, 5
2026/03/27 14:49:04.411, 13.42, 285, 100, 5
2026/03/27 14:49:04.521, 13.42, 285, 100, 5
2026/03/27 14:49:04.631, 13.43, 285, 100, 5
2026/03/27 14:49:04.741, 13.43, 285, 100, 5
2026/03/27 14:49:04.850, 13.43, 285, 100, 5
2026/03/27 14:49:04.960, 13.43, 285, 100, 5
2026/03/27 14:49:05.071, 13.43, 285, 100, 5
2026/03/27 14:49:05.179, 13.42, 285, 100, 6
2026/03/27 14:49:05.289, 13.42, 285, 100, 6
2026/03/27 14:49:05.396, 13.42, 285, 100, 6
2026/03/27 14:49:05.505, 13.42, 285, 100, 6
2026/03/27 14:49:05.613, 13.41, 285, 100, 6
2026/03/27 14:49:05.723, 13.41, 285, 100, 6
2026/03/27 14:49:05.834, 13.41, 285, 100, 6
2026/03/27 14:49:05.942, 13.41, 285, 100, 6
2026/03/27 14:49:06.052, 13.41, 285, 100, 6
2026/03/27 14:49:06.161, 13.40, 285, 100, 5
2026/03/27 14:49:06.270, 13.40, 285, 100, 5
2026/03/27 14:49:06.380, 13.40, 285, 100, 5
2026/03/27 14:49:06.489, 13.40, 285, 100, 5
2026/03/27 14:49:06.600, 13.42, 285, 100, 5
2026/03/27 14:49:06.710, 13.42, 285, 100, 5
2026/03/27 14:49:06.820, 13.42, 285, 100, 5
2026/03/27 14:49:06.930, 13.42, 285, 100, 5
2026/03/27 14:49:07.041, 13.42, 285, 100, 5
2026/03/27 14:49:07.151, 13.41, 285, 100, 5
2026/03/27 14:49:07.262, 13.41, 285, 100, 5
2026/03/27 14:49:07.373, 13.41, 285, 100, 5
2026/03/27 14:49:07.481, 13.41, 285, 100, 5
2026/03/27 14:49:07.592, 13.42, 285, 100, 5
2026/03/27 14:49:07.701, 13.42, 285, 100, 5
2026/03/27 14:49:07.811, 13.42, 285, 100, 5
2026/03/27 14:49:07.921, 13.42, 285, 100, 5
2026/03/27 14:49:08.031, 13.42, 285, 100, 5
2026/03/27 14:49:08.143, 13.43, 285, 100, 5
2026/03/27 14:49:08.252, 13.43, 285, 100, 5
2026/03/27 14:49:08.361, 13.43, 285, 100, 5
2026/03/27 14:49:08.472, 13.43, 285, 100, 5
2026/03/27 14:49:08.583, 13.43, 285, 100, 5
2026/03/27 14:49:08.694, 13.44, 285, 100, 5
2026/03/27 14:49:08.804, 13.44, 285, 100, 5
2026/03/27 14:49:08.914, 13.44, 285, 100, 5
2026/03/27 14:49:09.024, 13.44, 285, 100, 5
2026/03/27 14:49:09.135, 13.42, 285, 100, 6
2026/03/27 14:49:09.245, 13.42, 285, 100, 6
2026/03/27 14:49:09.356, 13.42, 285, 100, 6
2026/03/27 14:49:09.467, 13.42, 285, 100, 6
2026/03/27 14:49:09.576, 13.42, 285, 100, 6
2026/03/27 14:49:09.688, 13.44, 285, 100, 6
2026/03/27 14:49:09.797, 13.44, 285, 100, 6
2026/03/27 14:49:09.908, 13.44, 285, 100, 6
2026/03/27 14:49:10.018, 13.44, 285, 100, 6
2026/03/27 14:49:10.127, 13.46, 285, 100, 5
2026/03/27 14:49:10.238, 13.46, 285, 100, 5
2026/03/27 14:49:10.348, 13.46, 285, 100, 5
2026/03/27 14:49:10.457, 13.46, 285, 100, 5
2026/03/27 14:49:10.568, 13.46, 285, 100, 5
2026/03/27 14:49:10.676, 13.44, 285, 100, 5
2026/03/27 14:49:10.785, 13.44, 285, 100, 5
2026/03/27 14:49:10.894, 13.44, 285, 100, 5
2026/03/27 14:49:11.004, 13.44, 285, 100, 5
2026/03/27 14:49:11.114, 13.40, 285, 100, 5
2026/03/27 14:49:11.223, 13.40, 285, 100, 5
2026/03/27 14:49:11.333, 13.40, 285, 100, 5
2026/03/27 14:49:11.441, 13.40, 285, 100, 5
2026/03/27 14:49:11.552, 13.40, 285, 100, 5
2026/03/27 14:49:11.662, 13.42, 285, 100, 5
2026/03/27 14:49:11.770, 13.42, 285, 100, 5
2026/03/27 14:49:11.881, 13.42, 285, 100, 5
2026/03/27 14:49:11.989, 13.42, 285, 100, 5
2026/03/27 14:49:12.098, 13.44, 285, 100, 5
2026/03/27 14:49:12.209, 13.44, 285, 100, 5
2026/03/27 14:49:12.320, 13.44, 285, 100, 5
2026/03/27 14:49:12.427, 13.44, 285, 100, 5
2026/03/27 14:49:12.536, 13.44, 285, 100, 5
2026/03/27 14:49:12.644, 13.43, 285, 100, 5
2026/03/27 14:49:12.753, 13.43, 285, 100, 5
2026/03/27 14:49:12.863, 13.43, 285, 100, 5
2026/03/27 14:49:12.974, 13.43, 285, 100, 5
2026/03/27 14:49:13.082, 13.43, 285, 100, 5
2026/03/27 14:49:13.190, 13.42, 285, 100, 6
2026/03/27 14:49:13.301, 13.42, 285, 100, 6
2026/03/27 14:49:13.411, 13.42, 285, 100, 6
2026/03/27 14:49:13.520, 13.42, 285, 100, 6
2026/03/27 14:49:13.630, 13.39, 285, 100, 6
2026/03/27 14:49:13.739, 13.39, 285, 100, 6
2026/03/27 14:49:13.850, 13.39, 285, 100, 6
2026/03/27 14:49:13.958, 13.39, 285, 100, 6
2026/03/27 14:49:14.068, 13.39, 285, 100, 6
2026/03/27 14:49:14.178, 13.40, 285, 100, 6
2026/03/27 14:49:14.288, 13.40, 285, 100, 6
2026/03/27 14:49:14.397, 13.40, 285, 100, 6
2026/03/27 14:49:14.508, 13.40, 285, 100, 6
2026/03/27 14:49:14.619, 13.42, 285, 100, 6
2026/03/27 14:49:14.729, 13.42, 285, 100, 6
2026/03/27 14:49:14.841, 13.42, 285, 100, 6
2026/03/27 14:49:14.951, 13.42, 285, 100, 6
2026/03/27 14:49:15.061, 13.42, 285, 100, 6
2026/03/27 14:49:15.171, 13.43, 285, 100, 5
2026/03/27 14:49:15.281, 13.43, 285, 100, 5
2026/03/27 14:49:15.392, 13.43, 285, 100, 5
2026/03/27 14:49:15.502, 13.43, 285, 100, 5
2026/03/27 14:49:15.612, 13.42, 285, 100, 5
2026/03/27 14:49:15.723, 13.42, 285, 100, 5
2026/03/27 14:49:15.834, 13.42, 285, 100, 5
2026/03/27 14:49:15.942, 13.42, 285, 100, 5
2026/03/27 14:49:16.052, 13.42, 285, 100, 5
2026/03/27 14:49:16.163, 13.42, 285, 100, 5
2026/03/27 14:49:16.273, 13.42, 285, 100, 5
2026/03/27 14:49:16.382, 13.42, 285, 100, 5
2026/03/27 14:49:16.492, 13.42, 285, 100, 5
2026/03/27 14:49:16.600, 13.41, 285, 100, 5
2026/03/27 14:49:16.710, 13.41, 285, 100, 5
2026/03/27 14:49:16.820, 13.41, 285, 100, 5
2026/03/27 14:49:16.928, 13.41, 285, 100, 5
2026/03/27 14:49:17.039, 13.41, 285, 100, 5
2026/03/27 14:49:17.147, 13.43, 285, 100, 6
2026/03/27 14:49:17.256, 13.43, 285, 100, 6
2026/03/27 14:49:17.366, 13.43, 285, 100, 6
2026/03/27 14:49:17.476, 13.43, 285, 100, 6
2026/03/27 14:49:17.584, 13.43, 285, 100, 6
2026/03/27 14:49:17.694, 13.41, 285, 100, 6
2026/03/27 14:49:17.805, 13.41, 285, 100, 6
2026/03/27 14:49:17.912, 13.41, 285, 100, 6
2026/03/27 14:49:18.021, 13.41, 285, 100, 6
2026/03/27 14:49:18.130, 13.41, 285, 100, 6
2026/03/27 14:49:18.238, 13.41, 285, 100, 6
2026/03/27 14:49:18.349, 13.41, 285, 100, 6
2026/03/27 14:49:18.459, 13.41, 285, 100, 6
2026/03/27 14:49:18.567, 13.41, 285, 100, 6
2026/03/27 14:49:18.677, 13.43, 285, 100, 6
2026/03/27 14:49:18.787, 13.43, 285, 100, 6
2026/03/27 14:49:18.896, 13.43, 285, 100, 6
2026/03/27 14:49:19.008, 13.43, 285, 100, 6
2026/03/27 14:49:19.118, 13.45, 285, 100, 5
2026/03/27 14:49:19.228, 13.45, 285, 100, 5
2026/03/27 14:49:19.337, 13.45, 285, 100, 5
2026/03/27 14:49:19.447, 13.45, 285, 100, 5
2026/03/27 14:49:19.558, 13.45, 285, 100, 5
2026/03/27 14:49:19.668, 13.44, 285, 100, 5
2026/03/27 14:49:19.778, 13.44, 285, 100, 5
2026/03/27 14:49:19.889, 13.44, 285, 100, 5
2026/03/27 14:49:19.999, 13.44, 285, 100, 5
2026/03/27 14:49:20.109, 13.42, 285, 100, 5
2026/03/27 14:49:20.216, 13.42, 285, 100, 5
2026/03/27 14:49:20.325, 13.42, 285, 100, 5
2026/03/27 14:49:20.436, 13.42, 285, 100, 5
2026/03/27 14:49:20.546, 13.42, 285, 100, 5
2026/03/27 14:49:20.655, 13.41, 285, 100, 5
2026/03/27 14:49:20.764, 13.41, 285, 100, 5
2026/03/27 14:49:20.875, 13.41, 285, 100, 5
2026/03/27 14:49:20.984, 13.41, 285, 100, 5
2026/03/27 14:49:21.094, 13.41, 285, 100, 5
2026/03/27 14:49:21.206, 13.43, 285, 100, 5
2026/03/27 14:49:21.316, 13.43, 285, 100, 5
2026/03/27 14:49:21.428, 13.43, 285, 100, 5
2026/03/27 14:49:21.537, 13.43, 285, 100, 5
2026/03/27 14:49:21.647, 13.43, 285, 100, 5
2026/03/27 14:49:21.757, 13.43, 285, 100, 5
2026/03/27 14:49:21.866, 13.43, 285, 100, 5
2026/03/27 14:49:21.975, 13.43, 285, 100, 5
2026/03/27 14:49:22.084, 13.43, 285, 100, 5
2026/03/27 14:49:22.195, 13.43, 285, 100, 6
2026/03/27 14:49:22.306, 13.43, 285, 100, 6
2026/03/27 14:49:22.416, 13.43, 285, 100, 6
2026/03/27 14:49:22.527, 13.43, 285, 100, 6
2026/03/27 14:49:22.638, 13.44, 285, 100, 6
2026/03/27 14:49:22.749, 13.44, 285, 100, 6
2026/03/27 14:49:22.860, 13.44, 285, 100, 6
2026/03/27 14:49:22.968, 13.44, 285, 100, 6
2026/03/27 14:49:23.079, 13.44, 285, 100, 6
2026/03/27 14:49:23.188, 13.44, 285, 100, 5
2026/03/27 14:49:23.298, 13.44, 285, 100, 5
2026/03/27 14:49:23.406, 13.44, 285, 100, 5
2026/03/27 14:49:23.516, 13.44, 285, 100, 5
2026/03/27 14:49:23.626, 13.43, 285, 100, 5
2026/03/27 14:49:23.737, 13.43, 285, 100, 5
2026/03/27 14:49:23.847, 13.43, 285, 100, 5
2026/03/27 14:49:23.958, 13.43, 285, 100, 5
2026/03/27 14:49:24.069, 13.43, 285, 100, 5
2026/03/27 14:49:24.177, 13.43, 285, 100, 5
2026/03/27 14:49:24.288, 13.43, 285, 100, 5
2026/03/27 14:49:24.397, 13.43, 285, 100, 5
2026/03/27 14:49:24.507, 13.43, 285, 100, 5
2026/03/27 14:49:24.616, 13.44, 285, 100, 5
2026/03/27 14:49:24.726, 13.44, 285, 100, 5
2026/03/27 14:49:24.836, 13.44, 285, 100, 5
2026/03/27 14:49:24.947, 13.44, 285, 100, 5
2026/03/27 14:49:25.057, 13.44, 285, 100, 5
2026/03/27 14:49:25.168, 13.44, 285, 100, 5
2026/03/27 14:49:25.279, 13.44, 285, 100, 5
2026/03/27 14:49:25.388, 13.44, 285, 100, 5
2026/03/27 14:49:25.498, 13.44, 285, 100, 5
2026/03/27 14:49:25.609, 13.41, 285, 100, 5
2026/03/27 14:49:25.718, 13.41, 285, 100, 5
2026/03/27 14:49:25.828, 13.41, 285, 100, 5
2026/03/27 14:49:25.937, 13.41, 285, 100, 5
2026/03/27 14:49:26.047, 13.41, 285, 100, 5
2026/03/27 14:49:26.157, 13.43, 285, 100, 6
2026/03/27 14:49:26.268, 13.43, 285, 100, 6
2026/03/27 14:49:26.379, 13.43, 285, 100, 6
2026/03/27 14:49:26.487, 13.43, 285, 100, 6
2026/03/27 14:49:26.597, 13.44, 285, 100, 6
2026/03/27 14:49:26.706, 13.44, 285, 100, 6
2026/03/27 14:49:26.816, 13.44, 285, 100, 6
2026/03/27 14:49:26.926, 13.44, 285, 100, 6
2026/03/27 14:49:27.039, 13.44, 285, 100, 6
2026/03/27 14:49:27.147, 13.43, 285, 100, 5
2026/03/27 14:49:27.258, 13.43, 285, 100, 5
2026/03/27 14:49:27.368, 13.43, 285, 100, 5
2026/03/27 14:49:27.479, 13.43, 285, 100, 5
2026/03/27 14:49:27.589, 13.43, 285, 100, 5
2026/03/27 14:49:27.698, 13.44, 285, 100, 5
2026/03/27 14:49:27.809, 13.44, 285, 100, 5
2026/03/27 14:49:27.919, 13.44, 285, 100, 5
2026/03/27 14:49:28.029, 13.44, 285, 100, 5
2026/03/27 14:49:28.140, 13.43, 285, 100, 5
2026/03/27 14:49:28.251, 13.43, 285, 100, 5
2026/03/27 14:49:28.360, 13.43, 285, 100, 5
2026/03/27 14:49:28.469, 13.43, 285, 100, 5
2026/03/27 14:49:28.577, 13.43, 285, 100, 5
2026/03/27 14:49:28.688, 13.43, 285, 100, 5
2026/03/27 14:49:28.799, 13.43, 285, 100, 5
2026/03/27 14:49:28.909, 13.43, 285, 100, 5
2026/03/27 14:49:29.019, 13.43, 285, 100, 5
2026/03/27 14:49:29.128, 13.44, 285, 100, 5
2026/03/27 14:49:29.239, 13.44, 285, 100, 5
2026/03/27 14:49:29.349, 13.44, 285, 100, 5
2026/03/27 14:49:29.458, 13.44, 285, 100, 5
2026/03/27 14:49:29.568, 13.44, 285, 100, 5
2026/03/27 14:49:29.677, 13.42, 285, 100, 5
2026/03/27 14:49:29.787, 13.42, 285, 100, 5
2026/03/27 14:49:29.896, 13.42, 285, 100, 5
2026/03/27 14:49:30.004, 13.42, 285, 100, 5
2026/03/27 14:49:30.114, 13.42, 285, 100, 6
2026/03/27 14:49:30.223, 13.42, 285, 100, 6
2026/03/27 14:49:30.332, 13.42, 285, 100, 6
2026/03/27 14:49:30.442, 13.42, 285, 100, 6
2026/03/27 14:49:30.552, 13.42, 285, 100, 6
2026/03/27 14:49:30.661, 13.43, 285, 100, 6
2026/03/27 14:49:30.770, 13.43, 285, 100, 6
2026/03/27 14:49:30.880, 13.43, 285, 100, 6
2026/03/27 14:49:30.989, 13.43, 285, 100, 6
2026/03/27 14:49:31.100, 13.44, 285, 100, 6
2026/03/27 14:49:31.211, 13.44, 285, 100, 6
2026/03/27 14:49:31.320, 13.44, 285, 100, 6
2026/03/27 14:49:31.432, 13.44, 285, 100, 6
2026/03/27 14:49:31.542, 13.44, 285, 100, 6
2026/03/27 14:49:31.652, 13.44, 285, 100, 6
2026/03/27 14:49:31.763, 13.44, 285, 100, 6
2026/03/27 14:49:31.873, 13.44, 285, 100, 6
2026/03/27 14:49:31.984, 13.44, 285, 100, 6
2026/03/27 14:49:32.094, 13.44, 285, 100, 6
2026/03/27 14:49:32.204, 13.42, 285, 100, 5
2026/03/27 14:49:32.315, 13.42, 285, 100, 5
2026/03/27 14:49:32.425, 13.42, 285, 100, 5
2026/03/27 14:49:32.536, 13.42, 285, 100, 5
2026/03/27 14:49:32.646, 13.41, 285, 100, 5
2026/03/27 14:49:32.756, 13.41, 285, 100, 5
2026/03/27 14:49:32.866, 13.41, 285, 100, 5
2026/03/27 14:49:32.976, 13.41, 285, 100, 5
2026/03/27 14:49:33.086, 13.41, 285, 100, 5
2026/03/27 14:49:33.197, 13.42, 285, 100, 5
2026/03/27 14:49:33.308, 13.42, 285, 100, 5
2026/03/27 14:49:33.418, 13.42, 285, 100, 5
2026/03/27 14:49:33.529, 13.42, 285, 100, 5
2026/03/27 14:49:33.640, 13.43, 285, 100, 5
2026/03/27 14:49:33.749, 13.43, 285, 100, 5
2026/03/27 14:49:33.860, 13.43, 285, 100, 5
2026/03/27 14:49:33.971, 13.43, 285, 100, 5
2026/03/27 14:49:34.082, 13.43, 285, 100, 5
2026/03/27 14:49:34.191, 13.43, 285, 100, 5
2026/03/27 14:49:34.303, 13.43, 285, 100, 5
2026/03/27 14:49:34.412, 13.43, 285, 100, 5
2026/03/27 14:49:34.522, 13.43, 285, 100, 5
2026/03/27 14:49:34.630, 13.43, 285, 100, 5
2026/03/27 14:49:34.738, 13.43, 285, 100, 5
2026/03/27 14:49:34.848, 13.43, 285, 100, 5
2026/03/27 14:49:34.958, 13.43, 285, 100, 5
2026/03/27 14:49:35.067, 13.43, 285, 100, 5
2026/03/27 14:49:35.177, 13.41, 285, 100, 6
2026/03/27 14:49:35.287, 13.41, 285, 100, 6
2026/03/27 14:49:35.395, 13.41, 285, 100, 6
2026/03/27 14:49:35.505, 13.41, 285, 100, 6
2026/03/27 14:49:35.615, 13.42, 285, 100, 6
2026/03/27 14:49:35.724, 13.42, 285, 100, 6
2026/03/27 14:49:35.833, 13.42, 285, 100, 6
2026/03/27 14:49:35.942, 13.42, 285, 100, 6
2026/03/27 14:49:36.052, 13.42, 285, 100, 6
2026/03/27 14:49:36.160, 13.43, 285, 100, 5
2026/03/27 14:49:36.268, 13.43, 285, 100, 5
2026/03/27 14:49:36.379, 13.43, 285, 100, 5
2026/03/27 14:49:36.490, 13.43, 285, 100, 5
2026/03/27 14:49:36.599, 13.43, 285, 100, 5
2026/03/27 14:49:36.709, 13.43, 285, 100, 5
2026/03/27 14:49:36.819, 13.43, 285, 100, 5
2026/03/27 14:49:36.927, 13.43, 285, 100, 5
2026/03/27 14:49:37.035, 13.43, 285, 100, 5
2026/03/27 14:49:37.146, 13.43, 285, 100, 5
2026/03/27 14:49:37.257, 13.43, 285, 100, 5
2026/03/27 14:49:37.366, 13.43, 285, 100, 5
2026/03/27 14:49:37.477, 13.43, 285, 100, 5
2026/03/27 14:49:37.587, 13.43, 285, 100, 5
2026/03/27 14:49:37.698, 13.41, 285, 100, 5
2026/03/27 14:49:37.809, 13.41, 285, 100, 5
2026/03/27 14:49:37.919, 13.41, 285, 100, 5
2026/03/27 14:49:38.030, 13.41, 285, 100, 5
2026/03/27 14:49:38.140, 13.43, 285, 100, 5
2026/03/27 14:49:38.251, 13.43, 285, 100, 5
2026/03/27 14:49:38.362, 13.43, 285, 100, 5
2026/03/27 14:49:38.473, 13.43, 285, 100, 5
2026/03/27 14:49:38.584, 13.43, 285, 100, 5
2026/03/27 14:49:38.694, 13.41, 285, 100, 5
2026/03/27 14:49:38.803, 13.41, 285, 100, 5
2026/03/27 14:49:38.913, 13.41, 285, 100, 5
2026/03/27 14:49:39.023, 13.41, 285, 100, 5
2026/03/27 14:49:39.135, 13.38, 285, 100, 6
2026/03/27 14:49:39.245, 13.38, 285, 100, 6
2026/03/27 14:49:39.355, 13.38, 285, 100, 6
2026/03/27 14:49:39.465, 13.38, 285, 100, 6
2026/03/27 14:49:39.577, 13.38, 285, 100, 6
2026/03/27 14:49:39.687, 13.40, 285, 100, 6
2026/03/27 14:49:39.797, 13.40, 285, 100, 6
2026/03/27 14:49:39.907, 13.40, 285, 100, 6
2026/03/27 14:49:40.018, 13.40, 285, 100, 6
2026/03/27 14:49:40.128, 13.40, 285, 100, 5
2026/03/27 14:49:40.237, 13.40, 285, 100, 5
2026/03/27 14:49:40.346, 13.40, 285, 100, 5
2026/03/27 14:49:40.456, 13.40, 285, 100, 5
2026/03/27 14:49:40.566, 13.40, 285, 100, 5
2026/03/27 14:49:40.677, 13.41, 285, 100, 5
2026/03/27 14:49:40.788, 13.41, 285, 100, 5
2026/03/27 14:49:40.899, 13.41, 285, 100, 5
2026/03/27 14:49:41.010, 13.41, 285, 100, 5
2026/03/27 14:49:41.121, 13.41, 285, 100, 5
2026/03/27 14:49:41.231, 13.41, 285, 100, 5
2026/03/27 14:49:41.342, 13.41, 285, 100, 5
2026/03/27 14:49:41.453, 13.41, 285, 100, 5
2026/03/27 14:49:41.563, 13.41, 285, 100, 5
2026/03/27 14:49:41.673, 13.42, 285, 100, 5
2026/03/27 14:49:41.782, 13.42, 285, 100, 5
2026/03/27 14:49:41.893, 13.42, 285, 100, 5
2026/03/27 14:49:42.004, 13.42, 285, 100, 5
2026/03/27 14:49:42.114, 13.40, 285, 100, 5
2026/03/27 14:49:42.224, 13.40, 285, 100, 5
2026/03/27 14:49:42.334, 13.40, 285, 100, 5
2026/03/27 14:49:42.444, 13.40, 285, 100, 5
2026/03/27 14:49:42.555, 13.40, 285, 100, 5
2026/03/27 14:49:42.666, 13.40, 285, 100, 5
2026/03/27 14:49:42.776, 13.40, 285, 100, 5
2026/03/27 14:49:42.885, 13.40, 285, 100, 5
2026/03/27 14:49:42.994, 13.40, 285, 100, 5
2026/03/27 14:49:43.105, 13.41, 285, 100, 6
2026/03/27 14:49:43.215, 13.41, 285, 100, 6
2026/03/27 14:49:43.325, 13.41, 285, 100, 6
2026/03/27 14:49:43.433, 13.41, 285, 100, 6
2026/03/27 14:49:43.544, 13.41, 285, 100, 6
2026/03/27 14:49:43.654, 13.38, 285, 100, 6
2026/03/27 14:49:43.763, 13.38, 285, 100, 6
2026/03/27 14:49:43.874, 13.38, 285, 100, 6
2026/03/27 14:49:43.983, 13.38, 285, 100, 6
2026/03/27 14:49:44.093, 13.38, 285, 100, 6
2026/03/27 14:49:44.204, 13.39, 285, 100, 5
2026/03/27 14:49:44.314, 13.39, 285, 100, 5
2026/03/27 14:49:44.423, 13.39, 285, 100, 5
2026/03/27 14:49:44.533, 13.39, 285, 100, 5
2026/03/27 14:49:44.645, 13.42, 285, 100, 5
2026/03/27 14:49:44.756, 13.42, 285, 100, 5
2026/03/27 14:49:44.866, 13.42, 285, 100, 5
2026/03/27 14:49:44.977, 13.42, 285, 100, 5
2026/03/27 14:49:45.088, 13.42, 285, 100, 5
2026/03/27 14:49:45.198, 13.42, 285, 100, 5
2026/03/27 14:49:45.307, 13.42, 285, 100, 5
2026/03/27 14:49:45.417, 13.42, 285, 100, 5
2026/03/27 14:49:45.527, 13.42, 285, 100, 5
2026/03/27 14:49:45.638, 13.43, 285, 100, 5
2026/03/27 14:49:45.749, 13.43, 285, 100, 5
2026/03/27 14:49:45.859, 13.43, 285, 100, 5
2026/03/27 14:49:45.968, 13.43, 285, 100, 5
2026/03/27 14:49:46.078, 13.43, 285, 100, 5
2026/03/27 14:49:46.188, 13.45, 285, 100, 5
2026/03/27 14:49:46.298, 13.45, 285, 100, 5
2026/03/27 14:49:46.409, 13.45, 285, 100, 5
2026/03/27 14:49:46.518, 13.45, 285, 100, 5
2026/03/27 14:49:46.627, 13.45, 285, 100, 5
2026/03/27 14:49:46.737, 13.45, 285, 100, 5
2026/03/27 14:49:46.847, 13.45, 285, 100, 5
2026/03/27 14:49:46.958, 13.45, 285, 100, 5
2026/03/27 14:49:47.067, 13.45, 285, 100, 5
2026/03/27 14:49:47.176, 13.47, 285, 100, 6
2026/03/27 14:49:47.287, 13.47, 285, 100, 6
2026/03/27 14:49:47.396, 13.47, 285, 100, 6
2026/03/27 14:49:47.506, 13.47, 285, 100, 6
2026/03/27 14:49:47.616, 13.43, 285, 100, 6
2026/03/27 14:49:47.724, 13.43, 285, 100, 6
2026/03/27 14:49:47.835, 13.43, 285, 100, 6
2026/03/27 14:49:47.943, 13.43, 285, 100, 6
2026/03/27 14:49:48.051, 13.43, 285, 100, 6
2026/03/27 14:49:48.161, 13.41, 285, 100, 6
2026/03/27 14:49:48.271, 13.41, 285, 100, 6
2026/03/27 14:49:48.382, 13.41, 285, 100, 6
2026/03/27 14:49:48.493, 13.41, 285, 100, 6
2026/03/27 14:49:48.604, 13.43, 285, 100, 6
2026/03/27 14:49:48.712, 13.43, 285, 100, 6
2026/03/27 14:49:48.823, 13.43, 285, 100, 6
2026/03/27 14:49:48.933, 13.43, 285, 100, 6
2026/03/27 14:49:49.043, 13.43, 285, 100, 6
2026/03/27 14:49:49.152, 13.41, 285, 100, 5
2026/03/27 14:49:49.263, 13.41, 285, 100, 5
2026/03/27 14:49:49.374, 13.41, 285, 100, 5
2026/03/27 14:49:49.483, 13.41, 285, 100, 5
2026/03/27 14:49:49.594, 13.41, 285, 100, 5
2026/03/27 14:49:49.704, 13.41, 285, 100, 5
2026/03/27 14:49:49.816, 13.41, 285, 100, 5
2026/03/27 14:49:49.926, 13.41, 285, 100, 5
2026/03/27 14:49:50.037, 13.41, 285, 100, 5
2026/03/27 14:49:50.147, 13.42, 285, 100, 5
2026/03/27 14:49:50.256, 13.42, 285, 100, 5
2026/03/27 14:49:50.364, 13.42, 285, 100, 5
2026/03/27 14:49:50.474, 13.42, 285, 100, 5
2026/03/27 14:49:50.583, 13.42, 285, 100, 5
2026/03/27 14:49:50.694, 13.38, 285, 100, 5
2026/03/27 14:49:50.803, 13.38, 285, 100, 5
2026/03/27 14:49:50.913, 13.38, 285, 100, 5
2026/03/27 14:49:51.024, 13.38, 285, 100, 5
2026/03/27 14:49:51.133, 13.37, 285, 100, 5
2026/03/27 14:49:51.244, 13.37, 285, 100, 5
2026/03/27 14:49:51.355, 13.37, 285, 100, 5
2026/03/27 14:49:51.464, 13.37, 285, 100, 5
2026/03/27 14:49:51.574, 13.37, 285, 100, 5
2026/03/27 14:49:51.685, 13.40, 285, 100, 5
2026/03/27 14:49:51.796, 13.40, 285, 100, 5
2026/03/27 14:49:51.905, 13.40, 285, 100, 5
2026/03/27 14:49:52.015, 13.40, 285, 100, 5
2026/03/27 14:49:52.125, 13.43, 285, 100, 6
2026/03/27 14:49:52.236, 13.43, 285, 100, 6
2026/03/27 14:49:52.344, 13.43, 285, 100, 6
2026/03/27 14:49:52.454, 13.43, 285, 100, 6
2026/03/27 14:49:52.564, 13.43, 285, 100, 6
2026/03/27 14:49:52.675, 13.44, 285, 100, 6
2026/03/27 14:49:52.785, 13.44, 285, 100, 6
2026/03/27 14:49:52.894, 13.44, 285, 100, 6
2026/03/27 14:49:53.003, 13.44, 285, 100, 6
2026/03/27 14:49:53.112, 13.43, 285, 100, 5
2026/03/27 14:49:53.223, 13.43, 285, 100, 5
2026/03/27 14:49:53.335, 13.43, 285, 100, 5
2026/03/27 14:49:53.446, 13.43, 285, 100, 5
2026/03/27 14:49:53.555, 13.43, 285, 100, 5
2026/03/27 14:49:53.665, 13.45, 285, 100, 5
2026/03/27 14:49:53.775, 13.45, 285, 100, 5
2026/03/27 14:49:53.884, 13.45, 285, 100, 5
2026/03/27 14:49:53.994, 13.45, 285, 100, 5
2026/03/27 14:49:54.105, 13.45, 285, 100, 5
2026/03/27 14:49:54.216, 13.45, 285, 100, 5
2026/03/27 14:49:54.325, 13.45, 285, 100, 5
2026/03/27 14:49:54.436, 13.45, 285, 100, 5
2026/03/27 14:49:54.547, 13.45, 285, 100, 5
2026/03/27 14:49:54.658, 13.46, 285, 100, 5
2026/03/27 14:49:54.768, 13.46, 285, 100, 5
2026/03/27 14:49:54.879, 13.46, 285, 100, 5
2026/03/27 14:49:54.989, 13.46, 285, 100, 5
2026/03/27 14:49:55.099, 13.46, 285, 100, 5
2026/03/27 14:49:55.208, 13.44, 285, 100, 5
2026/03/27 14:49:55.319, 13.44, 285, 100, 5
2026/03/27 14:49:55.427, 13.44, 285, 100, 5
2026/03/27 14:49:55.538, 13.44, 285, 100, 5
2026/03/27 14:49:55.649, 13.42, 285, 100, 5
2026/03/27 14:49:55.759, 13.42, 285, 100, 5
2026/03/27 14:49:55.869, 13.42, 285, 100, 5
2026/03/27 14:49:55.978, 13.42, 285, 100, 5
2026/03/27 14:49:56.087, 13.42, 285, 100, 5
2026/03/27 14:49:56.194, 13.43, 285, 100, 6
2026/03/27 14:49:56.305, 13.43, 285, 100, 6
2026/03/27 14:49:56.414, 13.43, 285, 100, 6
2026/03/27 14:49:56.524, 13.43, 285, 100, 6
2026/03/27 14:49:56.633, 13.43, 285, 100, 6
2026/03/27 14:49:56.744, 13.43, 285, 100, 6
2026/03/27 14:49:56.854, 13.43, 285, 100, 6
2026/03/27 14:49:56.963, 13.43, 285, 100, 6
2026/03/27 14:49:57.073, 13.43, 285, 100, 6
2026/03/27 14:49:57.184, 13.40, 285, 100, 5
2026/03/27 14:49:57.295, 13.40, 285, 100, 5
2026/03/27 14:49:57.403, 13.40, 285, 100, 5
2026/03/27 14:49:57.514, 13.40, 285, 100, 5
2026/03/27 14:49:57.624, 13.43, 285, 100, 5
2026/03/27 14:49:57.735, 13.43, 285, 100, 5
2026/03/27 14:49:57.844, 13.43, 285, 100, 5
2026/03/27 14:49:57.953, 13.43, 285, 100, 5
2026/03/27 14:49:58.065, 13.43, 285, 100, 5
2026/03/27 14:49:58.174, 13.44, 285, 100, 5
2026/03/27 14:49:58.284, 13.44, 285, 100, 5
2026/03/27 14:49:58.393, 13.44, 285, 100, 5
2026/03/27 14:49:58.504, 13.44, 285, 100, 5
2026/03/27 14:49:58.614, 13.44, 285, 100, 5
2026/03/27 14:49:58.722, 13.44, 285, 100, 5
2026/03/27 14:49:58.833, 13.44, 285, 100, 5
2026/03/27 14:49:58.943, 13.44, 285, 100, 5
2026/03/27 14:49:59.053, 13.44, 285, 100, 5
2026/03/27 14:49:59.163, 13.43, 285, 100, 5
2026/03/27 14:49:59.273, 13.43, 285, 100, 5
2026/03/27 14:49:59.385, 13.43, 285, 100, 5
2026/03/27 14:49:59.495, 13.43, 285, 100, 5
2026/03/27 14:49:59.605, 13.43, 285, 100, 5
2026/03/27 14:49:59.715, 11.99, 285, 100, 5
2026/03/27 14:49:59.826, 11.99, 285, 100, 5
2026/03/27 14:49:59.936, 11.99, 285, 100, 5
