timestamp, power.draw [W], clocks.current.graphics [MHz], clocks.current.sm [MHz], clocks.current.memory [MHz], temperature.gpu, utilization.gpu [%], utilization.memory [%], memory.used [MiB], memory.total [MiB], pstate, pcie.link.gen.gpucurrent, pcie.link.width.current
2026/04/19 06:12:25.487, 50.83, 2205, 2205, 8001, 65, 0, 0, 0, 6141, P0, 4, 8
2026/04/19 06:12:25.595, 50.83, 2205, 2205, 8001, 65, 0, 0, 0, 6141, P0, 4, 8
2026/04/19 06:12:25.705, 50.83, 2205, 2205, 8001, 65, 0, 0, 0, 6141, P0, 4, 8
2026/04/19 06:12:25.815, 1.20, 2130, 2130, 8000, 76, 0, 0, 0, 6141, P0, 4, 8
2026/04/19 06:12:26.444, 11.65, 2205, 2205, 7001, 62, 0, 0, 0, 6141, P3, 4, 8
2026/04/19 06:12:26.553, 11.65, 2205, 2205, 7001, 62, 0, 0, 0, 6141, P3, 4, 8
2026/04/19 06:12:26.663, 11.65, 2205, 2205, 7001, 62, 0, 0, 0, 6141, P3, 4, 8
2026/04/19 06:12:26.772, 11.65, 2205, 2205, 7001, 62, 0, 0, 0, 6141, P3, 4, 8
2026/04/19 06:12:26.881, 1.20, 2130, 2130, 7000, 76, 0, 0, 0, 6141, P3, 4, 8
2026/04/19 06:12:27.433, 11.50, 2205, 2205, 7001, 62, 0, 0, 0, 6141, P3, 4, 8
2026/04/19 06:12:27.542, 11.50, 2205, 2205, 7001, 62, 0, 0, 0, 6141, P3, 4, 8
2026/04/19 06:12:27.653, 11.50, 2205, 2205, 7001, 62, 0, 0, 0, 6141, P3, 4, 8
2026/04/19 06:12:27.762, 11.50, 2205, 2205, 7001, 62, 0, 0, 0, 6141, P3, 4, 8
2026/04/19 06:12:27.871, 11.50, 2205, 2205, 7001, 62, 0, 0, 761, 6141, P3, 4, 8
2026/04/19 06:12:27.981, 15.34, 2205, 2205, 7001, 62, 0, 0, 1017, 6141, P3, 4, 8
2026/04/19 06:12:28.090, 15.34, 2205, 2205, 7001, 62, 0, 0, 1017, 6141, P3, 4, 8
2026/04/19 06:12:28.200, 15.34, 2205, 2205, 7001, 62, 0, 0, 1017, 6141, P3, 4, 8
2026/04/19 06:12:28.307, 15.34, 2205, 2205, 7001, 62, 0, 0, 1017, 6141, P3, 4, 8
2026/04/19 06:12:28.417, 42.76, 1890, 1890, 8001, 75, 100, 37, 1017, 6141, P0, 4, 8
2026/04/19 06:12:28.526, 42.76, 1890, 1890, 8001, 75, 100, 37, 1017, 6141, P0, 4, 8
2026/04/19 06:12:28.636, 42.76, 1890, 1890, 8001, 75, 100, 37, 1017, 6141, P0, 4, 8
2026/04/19 06:12:28.746, 42.76, 1890, 1890, 8001, 75, 100, 37, 1017, 6141, P0, 4, 8
2026/04/19 06:12:28.855, 42.76, 1890, 1890, 8001, 75, 100, 37, 1017, 6141, P0, 4, 8
2026/04/19 06:12:28.964, 65.59, 1770, 1770, 8001, 75, 100, 37, 1017, 6141, P0, 4, 8
2026/04/19 06:12:29.074, 65.59, 1770, 1770, 8001, 75, 100, 37, 1017, 6141, P0, 4, 8
2026/04/19 06:12:29.184, 65.59, 1770, 1770, 8001, 75, 100, 37, 1017, 6141, P0, 4, 8
2026/04/19 06:12:29.293, 65.59, 1770, 1770, 8001, 75, 100, 37, 1017, 6141, P0, 4, 8
2026/04/19 06:12:29.403, 70.08, 1875, 1875, 8001, 76, 100, 37, 1017, 6141, P0, 4, 8
2026/04/19 06:12:29.513, 70.08, 1875, 1875, 8001, 76, 100, 37, 1017, 6141, P0, 4, 8
2026/04/19 06:12:29.624, 70.08, 1875, 1875, 8001, 76, 100, 37, 1017, 6141, P0, 4, 8
2026/04/19 06:12:29.732, 70.08, 1875, 1875, 8001, 76, 100, 37, 1017, 6141, P0, 4, 8
2026/04/19 06:12:29.842, 70.08, 1875, 1875, 8001, 76, 100, 37, 1017, 6141, P0, 4, 8
2026/04/19 06:12:29.952, 69.68, 1800, 1800, 8001, 75, 100, 37, 1017, 6141, P0, 4, 8
2026/04/19 06:12:30.061, 69.68, 1800, 1800, 8001, 75, 100, 37, 1017, 6141, P0, 4, 8
2026/04/19 06:12:30.172, 69.68, 1800, 1800, 8001, 75, 100, 37, 1017, 6141, P0, 4, 8
2026/04/19 06:12:30.282, 69.68, 1800, 1800, 8001, 75, 100, 37, 1017, 6141, P0, 4, 8
2026/04/19 06:12:30.391, 70.08, 1875, 1875, 8001, 76, 100, 37, 1017, 6141, P0, 4, 8
2026/04/19 06:12:30.501, 70.08, 1875, 1875, 8001, 76, 100, 37, 1017, 6141, P0, 4, 8
2026/04/19 06:12:30.610, 70.08, 1875, 1875, 8001, 76, 100, 37, 1017, 6141, P0, 4, 8
2026/04/19 06:12:30.720, 70.08, 1875, 1875, 8001, 76, 100, 37, 1017, 6141, P0, 4, 8
2026/04/19 06:12:30.830, 70.08, 1875, 1875, 8001, 76, 100, 37, 1017, 6141, P0, 4, 8
2026/04/19 06:12:30.941, 69.78, 1770, 1770, 8001, 76, 100, 37, 1017, 6141, P0, 4, 8
2026/04/19 06:12:31.050, 69.78, 1770, 1770, 8001, 76, 100, 37, 1017, 6141, P0, 4, 8
2026/04/19 06:12:31.159, 69.78, 1770, 1770, 8001, 76, 100, 37, 1017, 6141, P0, 4, 8
2026/04/19 06:12:31.271, 69.78, 1770, 1770, 8001, 76, 100, 37, 1017, 6141, P0, 4, 8
2026/04/19 06:12:31.381, 69.78, 1770, 1770, 8001, 76, 100, 37, 1017, 6141, P0, 4, 8
2026/04/19 06:12:31.490, 70.07, 1860, 1860, 8001, 76, 100, 37, 1017, 6141, P0, 4, 8
2026/04/19 06:12:31.600, 70.07, 1860, 1860, 8001, 76, 100, 37, 1017, 6141, P0, 4, 8
2026/04/19 06:12:31.709, 70.07, 1860, 1860, 8001, 76, 100, 37, 1017, 6141, P0, 4, 8
2026/04/19 06:12:31.818, 70.07, 1860, 1860, 8001, 76, 100, 37, 1017, 6141, P0, 4, 8
2026/04/19 06:12:31.927, 69.78, 1800, 1800, 8001, 76, 100, 37, 1017, 6141, P0, 4, 8
2026/04/19 06:12:32.037, 69.78, 1800, 1800, 8001, 76, 100, 37, 1017, 6141, P0, 4, 8
2026/04/19 06:12:32.147, 69.78, 1800, 1800, 8001, 76, 100, 37, 1017, 6141, P0, 4, 8
2026/04/19 06:12:32.257, 69.78, 1800, 1800, 8001, 76, 100, 37, 1017, 6141, P0, 4, 8
2026/04/19 06:12:32.366, 69.78, 1800, 1800, 8001, 76, 100, 37, 1017, 6141, P0, 4, 8
2026/04/19 06:12:32.475, 70.12, 1860, 1860, 8001, 76, 100, 36, 1017, 6141, P0, 4, 8
2026/04/19 06:12:32.586, 70.12, 1860, 1860, 8001, 76, 100, 36, 1017, 6141, P0, 4, 8
2026/04/19 06:12:32.696, 70.12, 1860, 1860, 8001, 76, 100, 36, 1017, 6141, P0, 4, 8
2026/04/19 06:12:32.808, 70.12, 1860, 1860, 8001, 76, 100, 36, 1017, 6141, P0, 4, 8
2026/04/19 06:12:32.918, 69.86, 1800, 1800, 8001, 76, 100, 36, 1017, 6141, P0, 4, 8
2026/04/19 06:12:33.027, 69.86, 1800, 1800, 8001, 76, 100, 36, 1017, 6141, P0, 4, 8
2026/04/19 06:12:33.136, 69.86, 1800, 1800, 8001, 76, 100, 36, 1017, 6141, P0, 4, 8
2026/04/19 06:12:33.245, 69.86, 1800, 1800, 8001, 76, 100, 36, 1017, 6141, P0, 4, 8
2026/04/19 06:12:33.356, 69.86, 1800, 1800, 8001, 76, 100, 36, 1017, 6141, P0, 4, 8
2026/04/19 06:12:33.465, 69.96, 1830, 1830, 8001, 76, 100, 36, 1017, 6141, P0, 4, 8
2026/04/19 06:12:33.575, 69.96, 1830, 1830, 8001, 76, 100, 36, 1017, 6141, P0, 4, 8
2026/04/19 06:12:33.685, 69.96, 1830, 1830, 8001, 76, 100, 36, 1017, 6141, P0, 4, 8
2026/04/19 06:12:33.794, 69.96, 1830, 1830, 8001, 76, 100, 36, 1017, 6141, P0, 4, 8
2026/04/19 06:12:33.904, 69.87, 1800, 1800, 8001, 76, 100, 36, 1017, 6141, P0, 4, 8
2026/04/19 06:12:34.012, 69.87, 1800, 1800, 8001, 76, 100, 36, 1017, 6141, P0, 4, 8
2026/04/19 06:12:34.120, 69.87, 1800, 1800, 8001, 76, 100, 36, 1017, 6141, P0, 4, 8
2026/04/19 06:12:34.230, 69.87, 1800, 1800, 8001, 76, 100, 36, 1017, 6141, P0, 4, 8
2026/04/19 06:12:34.338, 69.87, 1800, 1800, 8001, 76, 100, 36, 1017, 6141, P0, 4, 8
2026/04/19 06:12:34.447, 69.94, 1830, 1830, 8001, 76, 100, 36, 1017, 6141, P0, 4, 8
2026/04/19 06:12:34.558, 69.94, 1830, 1830, 8001, 76, 100, 36, 1017, 6141, P0, 4, 8
2026/04/19 06:12:34.668, 69.94, 1830, 1830, 8001, 76, 100, 36, 1017, 6141, P0, 4, 8
2026/04/19 06:12:34.778, 69.94, 1830, 1830, 8001, 76, 100, 36, 1017, 6141, P0, 4, 8
2026/04/19 06:12:34.889, 69.90, 1800, 1800, 8001, 76, 100, 36, 1017, 6141, P0, 4, 8
2026/04/19 06:12:34.998, 69.90, 1800, 1800, 8001, 76, 100, 36, 1017, 6141, P0, 4, 8
2026/04/19 06:12:35.108, 69.90, 1800, 1800, 8001, 76, 100, 36, 1017, 6141, P0, 4, 8
2026/04/19 06:12:35.219, 69.90, 1800, 1800, 8001, 76, 100, 36, 1017, 6141, P0, 4, 8
2026/04/19 06:12:35.327, 69.90, 1800, 1800, 8001, 76, 100, 36, 1017, 6141, P0, 4, 8
2026/04/19 06:12:35.437, 69.96, 1830, 1830, 8001, 76, 100, 36, 1017, 6141, P0, 4, 8
2026/04/19 06:12:35.547, 69.96, 1830, 1830, 8001, 76, 100, 36, 1017, 6141, P0, 4, 8
2026/04/19 06:12:35.656, 69.96, 1830, 1830, 8001, 76, 100, 36, 1017, 6141, P0, 4, 8
2026/04/19 06:12:35.767, 69.96, 1830, 1830, 8001, 76, 100, 36, 1017, 6141, P0, 4, 8
2026/04/19 06:12:35.875, 69.96, 1830, 1830, 8001, 76, 100, 36, 1017, 6141, P0, 4, 8
2026/04/19 06:12:35.986, 69.86, 1830, 1830, 8001, 76, 100, 36, 1017, 6141, P0, 4, 8
2026/04/19 06:12:36.095, 69.86, 1830, 1830, 8001, 76, 100, 36, 1017, 6141, P0, 4, 8
2026/04/19 06:12:36.205, 69.86, 1830, 1830, 8001, 76, 100, 36, 1017, 6141, P0, 4, 8
2026/04/19 06:12:36.315, 69.86, 1830, 1830, 8001, 76, 100, 36, 1017, 6141, P0, 4, 8
2026/04/19 06:12:36.424, 69.98, 1830, 1830, 8001, 76, 100, 36, 1017, 6141, P0, 4, 8
2026/04/19 06:12:36.534, 69.98, 1830, 1830, 8001, 76, 100, 36, 1017, 6141, P0, 4, 8
2026/04/19 06:12:36.643, 69.98, 1830, 1830, 8001, 76, 100, 36, 1017, 6141, P0, 4, 8
2026/04/19 06:12:36.754, 69.98, 1830, 1830, 8001, 76, 100, 36, 1017, 6141, P0, 4, 8
2026/04/19 06:12:36.863, 69.98, 1830, 1830, 8001, 76, 100, 36, 1017, 6141, P0, 4, 8
2026/04/19 06:12:36.973, 69.96, 1815, 1815, 8001, 76, 100, 36, 1017, 6141, P0, 4, 8
2026/04/19 06:12:37.084, 69.96, 1815, 1815, 8001, 76, 100, 36, 1017, 6141, P0, 4, 8
2026/04/19 06:12:37.194, 69.96, 1815, 1815, 8001, 76, 100, 36, 1017, 6141, P0, 4, 8
2026/04/19 06:12:37.304, 69.96, 1815, 1815, 8001, 76, 100, 36, 1017, 6141, P0, 4, 8
2026/04/19 06:12:37.415, 69.96, 1830, 1830, 8001, 76, 100, 36, 1017, 6141, P0, 4, 8
2026/04/19 06:12:37.526, 69.96, 1830, 1830, 8001, 76, 100, 36, 1017, 6141, P0, 4, 8
2026/04/19 06:12:37.637, 69.96, 1830, 1830, 8001, 76, 100, 36, 1017, 6141, P0, 4, 8
2026/04/19 06:12:37.747, 69.96, 1830, 1830, 8001, 76, 100, 36, 1017, 6141, P0, 4, 8
2026/04/19 06:12:37.857, 69.96, 1830, 1830, 8001, 76, 100, 36, 1017, 6141, P0, 4, 8
2026/04/19 06:12:37.967, 69.97, 1815, 1815, 8001, 76, 100, 36, 1017, 6141, P0, 4, 8
2026/04/19 06:12:38.078, 69.97, 1815, 1815, 8001, 76, 100, 36, 1017, 6141, P0, 4, 8
2026/04/19 06:12:38.189, 69.97, 1815, 1815, 8001, 76, 100, 36, 1017, 6141, P0, 4, 8
2026/04/19 06:12:38.300, 69.97, 1815, 1815, 8001, 76, 100, 36, 1017, 6141, P0, 4, 8
2026/04/19 06:12:38.410, 69.95, 1860, 1860, 8001, 76, 100, 36, 1017, 6141, P0, 4, 8
2026/04/19 06:12:38.522, 69.95, 1860, 1860, 8001, 76, 100, 36, 1017, 6141, P0, 4, 8
2026/04/19 06:12:38.631, 69.95, 1860, 1860, 8001, 76, 100, 36, 1017, 6141, P0, 4, 8
2026/04/19 06:12:38.740, 69.95, 1860, 1860, 8001, 76, 100, 36, 1017, 6141, P0, 4, 8
2026/04/19 06:12:38.851, 69.95, 1860, 1860, 8001, 76, 100, 36, 1017, 6141, P0, 4, 8
2026/04/19 06:12:38.962, 69.97, 1830, 1830, 8001, 76, 100, 36, 1017, 6141, P0, 4, 8
2026/04/19 06:12:39.072, 69.97, 1830, 1830, 8001, 76, 100, 36, 1017, 6141, P0, 4, 8
2026/04/19 06:12:39.182, 69.97, 1830, 1830, 8001, 76, 100, 36, 1017, 6141, P0, 4, 8
2026/04/19 06:12:39.292, 69.97, 1830, 1830, 8001, 76, 100, 36, 1017, 6141, P0, 4, 8
2026/04/19 06:12:39.402, 69.88, 1830, 1830, 8001, 76, 100, 36, 1017, 6141, P0, 4, 8
2026/04/19 06:12:39.512, 69.88, 1830, 1830, 8001, 76, 100, 36, 1017, 6141, P0, 4, 8
2026/04/19 06:12:39.624, 69.88, 1830, 1830, 8001, 76, 100, 36, 1017, 6141, P0, 4, 8
2026/04/19 06:12:39.733, 69.88, 1830, 1830, 8001, 76, 100, 36, 1017, 6141, P0, 4, 8
2026/04/19 06:12:39.844, 69.88, 1830, 1830, 8001, 76, 100, 36, 1017, 6141, P0, 4, 8
2026/04/19 06:12:39.955, 69.92, 1815, 1815, 8001, 76, 100, 36, 1017, 6141, P0, 4, 8
2026/04/19 06:12:40.064, 69.92, 1815, 1815, 8001, 76, 100, 36, 1017, 6141, P0, 4, 8
2026/04/19 06:12:40.175, 69.92, 1815, 1815, 8001, 76, 100, 36, 1017, 6141, P0, 4, 8
2026/04/19 06:12:40.285, 69.92, 1815, 1815, 8001, 76, 100, 36, 1017, 6141, P0, 4, 8
2026/04/19 06:12:40.395, 69.92, 1830, 1830, 8001, 76, 100, 36, 1017, 6141, P0, 4, 8
2026/04/19 06:12:40.505, 69.92, 1830, 1830, 8001, 76, 100, 36, 1017, 6141, P0, 4, 8
2026/04/19 06:12:40.617, 69.92, 1830, 1830, 8001, 76, 100, 36, 1017, 6141, P0, 4, 8
2026/04/19 06:12:40.725, 69.92, 1830, 1830, 8001, 76, 100, 36, 1017, 6141, P0, 4, 8
2026/04/19 06:12:40.835, 69.92, 1830, 1830, 8001, 76, 100, 36, 1017, 6141, P0, 4, 8
2026/04/19 06:12:40.946, 69.91, 1830, 1830, 8001, 76, 100, 36, 1017, 6141, P0, 4, 8
2026/04/19 06:12:41.057, 69.91, 1830, 1830, 8001, 76, 100, 36, 1017, 6141, P0, 4, 8
2026/04/19 06:12:41.169, 69.91, 1830, 1830, 8001, 76, 100, 36, 1017, 6141, P0, 4, 8
2026/04/19 06:12:41.279, 69.91, 1830, 1830, 8001, 76, 100, 36, 1017, 6141, P0, 4, 8
2026/04/19 06:12:41.390, 69.91, 1830, 1830, 8001, 76, 100, 36, 1017, 6141, P0, 4, 8
2026/04/19 06:12:41.501, 69.91, 1830, 1830, 8001, 76, 100, 36, 1017, 6141, P0, 4, 8
2026/04/19 06:12:41.611, 69.91, 1830, 1830, 8001, 76, 100, 36, 1017, 6141, P0, 4, 8
2026/04/19 06:12:41.721, 69.91, 1830, 1830, 8001, 76, 100, 36, 1017, 6141, P0, 4, 8
2026/04/19 06:12:41.831, 69.91, 1830, 1830, 8001, 76, 100, 36, 1017, 6141, P0, 4, 8
2026/04/19 06:12:41.941, 69.94, 1815, 1815, 8001, 76, 100, 36, 1017, 6141, P0, 4, 8
2026/04/19 06:12:42.052, 69.94, 1815, 1815, 8001, 76, 100, 36, 1017, 6141, P0, 4, 8
2026/04/19 06:12:42.163, 69.94, 1815, 1815, 8001, 76, 100, 36, 1017, 6141, P0, 4, 8
2026/04/19 06:12:42.273, 69.94, 1815, 1815, 8001, 76, 100, 36, 1017, 6141, P0, 4, 8
2026/04/19 06:12:42.383, 69.94, 1815, 1815, 8001, 76, 100, 36, 1017, 6141, P0, 4, 8
2026/04/19 06:12:42.494, 69.98, 1815, 1815, 8001, 76, 100, 36, 1017, 6141, P0, 4, 8
2026/04/19 06:12:42.606, 69.98, 1815, 1815, 8001, 76, 100, 36, 1017, 6141, P0, 4, 8
2026/04/19 06:12:42.717, 69.98, 1815, 1815, 8001, 76, 100, 36, 1017, 6141, P0, 4, 8
2026/04/19 06:12:42.827, 69.98, 1815, 1815, 8001, 76, 100, 36, 1017, 6141, P0, 4, 8
2026/04/19 06:12:42.938, 69.94, 1830, 1830, 8001, 76, 100, 36, 1017, 6141, P0, 4, 8
2026/04/19 06:12:43.047, 69.94, 1830, 1830, 8001, 76, 100, 36, 1017, 6141, P0, 4, 8
2026/04/19 06:12:43.159, 69.94, 1830, 1830, 8001, 76, 100, 36, 1017, 6141, P0, 4, 8
2026/04/19 06:12:43.269, 69.94, 1830, 1830, 8001, 76, 100, 36, 1017, 6141, P0, 4, 8
2026/04/19 06:12:43.380, 69.94, 1830, 1830, 8001, 76, 100, 36, 1017, 6141, P0, 4, 8
2026/04/19 06:12:43.490, 69.92, 1830, 1830, 8001, 76, 100, 36, 1017, 6141, P0, 4, 8
2026/04/19 06:12:43.598, 69.92, 1830, 1830, 8001, 76, 100, 36, 1017, 6141, P0, 4, 8
2026/04/19 06:12:43.710, 69.92, 1830, 1830, 8001, 76, 100, 36, 1017, 6141, P0, 4, 8
2026/04/19 06:12:43.820, 69.92, 1830, 1830, 8001, 76, 100, 36, 1017, 6141, P0, 4, 8
2026/04/19 06:12:43.931, 69.91, 1815, 1815, 8001, 76, 100, 36, 1017, 6141, P0, 4, 8
2026/04/19 06:12:44.042, 69.91, 1815, 1815, 8001, 76, 100, 36, 1017, 6141, P0, 4, 8
2026/04/19 06:12:44.152, 69.91, 1815, 1815, 8001, 76, 100, 36, 1017, 6141, P0, 4, 8
2026/04/19 06:12:44.263, 69.91, 1815, 1815, 8001, 76, 100, 36, 1017, 6141, P0, 4, 8
2026/04/19 06:12:44.373, 69.91, 1815, 1815, 8001, 76, 100, 36, 1017, 6141, P0, 4, 8
2026/04/19 06:12:44.484, 69.92, 1830, 1830, 8001, 76, 100, 35, 1017, 6141, P0, 4, 8
2026/04/19 06:12:44.594, 69.92, 1830, 1830, 8001, 76, 100, 35, 1017, 6141, P0, 4, 8
2026/04/19 06:12:44.705, 69.92, 1830, 1830, 8001, 76, 100, 35, 1017, 6141, P0, 4, 8
2026/04/19 06:12:44.814, 69.92, 1830, 1830, 8001, 76, 100, 35, 1017, 6141, P0, 4, 8
2026/04/19 06:12:44.925, 69.91, 1830, 1830, 8001, 76, 100, 35, 1017, 6141, P0, 4, 8
2026/04/19 06:12:45.035, 69.91, 1830, 1830, 8001, 76, 100, 35, 1017, 6141, P0, 4, 8
2026/04/19 06:12:45.146, 69.91, 1830, 1830, 8001, 76, 100, 35, 1017, 6141, P0, 4, 8
2026/04/19 06:12:45.256, 69.91, 1830, 1830, 8001, 76, 100, 35, 1017, 6141, P0, 4, 8
2026/04/19 06:12:45.367, 69.91, 1830, 1830, 8001, 76, 100, 35, 1017, 6141, P0, 4, 8
2026/04/19 06:12:45.476, 69.95, 1830, 1830, 8001, 76, 100, 36, 1017, 6141, P0, 4, 8
2026/04/19 06:12:45.586, 69.95, 1830, 1830, 8001, 76, 100, 36, 1017, 6141, P0, 4, 8
2026/04/19 06:12:45.696, 69.95, 1830, 1830, 8001, 76, 100, 36, 1017, 6141, P0, 4, 8
2026/04/19 06:12:45.805, 69.95, 1830, 1830, 8001, 76, 100, 36, 1017, 6141, P0, 4, 8
2026/04/19 06:12:45.916, 69.96, 1815, 1815, 8001, 77, 100, 36, 1017, 6141, P0, 4, 8
2026/04/19 06:12:46.026, 69.96, 1815, 1815, 8001, 77, 100, 36, 1017, 6141, P0, 4, 8
2026/04/19 06:12:46.136, 69.96, 1815, 1815, 8001, 77, 100, 36, 1017, 6141, P0, 4, 8
2026/04/19 06:12:46.246, 69.96, 1815, 1815, 8001, 77, 100, 36, 1017, 6141, P0, 4, 8
2026/04/19 06:12:46.357, 69.96, 1815, 1815, 8001, 77, 100, 36, 1017, 6141, P0, 4, 8
2026/04/19 06:12:46.467, 69.94, 1830, 1830, 8001, 76, 100, 36, 1017, 6141, P0, 4, 8
2026/04/19 06:12:46.578, 69.94, 1830, 1830, 8001, 76, 100, 36, 1017, 6141, P0, 4, 8
2026/04/19 06:12:46.689, 69.94, 1830, 1830, 8001, 76, 100, 36, 1017, 6141, P0, 4, 8
2026/04/19 06:12:46.799, 69.94, 1830, 1830, 8001, 76, 100, 36, 1017, 6141, P0, 4, 8
2026/04/19 06:12:46.908, 69.93, 1830, 1830, 8001, 77, 100, 36, 1017, 6141, P0, 4, 8
2026/04/19 06:12:47.017, 69.93, 1830, 1830, 8001, 77, 100, 36, 1017, 6141, P0, 4, 8
2026/04/19 06:12:47.127, 69.93, 1830, 1830, 8001, 77, 100, 36, 1017, 6141, P0, 4, 8
2026/04/19 06:12:47.238, 69.93, 1830, 1830, 8001, 77, 100, 36, 1017, 6141, P0, 4, 8
2026/04/19 06:12:47.349, 69.93, 1830, 1830, 8001, 77, 100, 36, 1017, 6141, P0, 4, 8
2026/04/19 06:12:47.459, 69.90, 1830, 1830, 8001, 76, 100, 36, 1017, 6141, P0, 4, 8
2026/04/19 06:12:47.570, 69.90, 1830, 1830, 8001, 76, 100, 36, 1017, 6141, P0, 4, 8
2026/04/19 06:12:47.681, 69.90, 1830, 1830, 8001, 76, 100, 36, 1017, 6141, P0, 4, 8
2026/04/19 06:12:47.790, 69.90, 1830, 1830, 8001, 76, 100, 36, 1017, 6141, P0, 4, 8
2026/04/19 06:12:47.899, 69.97, 1830, 1830, 8001, 77, 100, 36, 1017, 6141, P0, 4, 8
2026/04/19 06:12:48.009, 69.97, 1830, 1830, 8001, 77, 100, 36, 1017, 6141, P0, 4, 8
2026/04/19 06:12:48.118, 69.97, 1830, 1830, 8001, 77, 100, 36, 1017, 6141, P0, 4, 8
2026/04/19 06:12:48.228, 69.97, 1830, 1830, 8001, 77, 100, 36, 1017, 6141, P0, 4, 8
2026/04/19 06:12:48.339, 69.97, 1830, 1830, 8001, 77, 100, 36, 1017, 6141, P0, 4, 8
2026/04/19 06:12:48.449, 69.93, 1830, 1830, 8001, 77, 100, 36, 1017, 6141, P0, 4, 8
2026/04/19 06:12:48.558, 69.93, 1830, 1830, 8001, 77, 100, 36, 1017, 6141, P0, 4, 8
2026/04/19 06:12:48.667, 69.93, 1830, 1830, 8001, 77, 100, 36, 1017, 6141, P0, 4, 8
2026/04/19 06:12:48.778, 69.93, 1830, 1830, 8001, 77, 100, 36, 1017, 6141, P0, 4, 8
2026/04/19 06:12:48.888, 69.93, 1830, 1830, 8001, 77, 100, 36, 1017, 6141, P0, 4, 8
2026/04/19 06:12:48.996, 69.98, 1815, 1815, 8001, 77, 100, 36, 1017, 6141, P0, 4, 8
2026/04/19 06:12:49.106, 69.98, 1815, 1815, 8001, 77, 100, 36, 1017, 6141, P0, 4, 8
2026/04/19 06:12:49.216, 69.98, 1815, 1815, 8001, 77, 100, 36, 1017, 6141, P0, 4, 8
2026/04/19 06:12:49.325, 69.98, 1815, 1815, 8001, 77, 100, 36, 1017, 6141, P0, 4, 8
2026/04/19 06:12:49.436, 70.00, 1860, 1860, 8001, 77, 100, 36, 1017, 6141, P0, 4, 8
2026/04/19 06:12:49.546, 70.00, 1860, 1860, 8001, 77, 100, 36, 1017, 6141, P0, 4, 8
2026/04/19 06:12:49.656, 70.00, 1860, 1860, 8001, 77, 100, 36, 1017, 6141, P0, 4, 8
2026/04/19 06:12:49.767, 70.00, 1860, 1860, 8001, 77, 100, 36, 1017, 6141, P0, 4, 8
2026/04/19 06:12:49.876, 70.00, 1860, 1860, 8001, 77, 100, 36, 1017, 6141, P0, 4, 8
2026/04/19 06:12:49.986, 69.97, 1845, 1845, 8001, 76, 100, 36, 1017, 6141, P0, 4, 8
2026/04/19 06:12:50.097, 69.97, 1845, 1845, 8001, 76, 100, 36, 1017, 6141, P0, 4, 8
2026/04/19 06:12:50.207, 69.97, 1845, 1845, 8001, 76, 100, 36, 1017, 6141, P0, 4, 8
2026/04/19 06:12:50.318, 69.97, 1845, 1845, 8001, 76, 100, 36, 1017, 6141, P0, 4, 8
2026/04/19 06:12:50.428, 69.96, 1860, 1860, 8001, 77, 100, 36, 1017, 6141, P0, 4, 8
2026/04/19 06:12:50.538, 69.96, 1860, 1860, 8001, 77, 100, 36, 1017, 6141, P0, 4, 8
2026/04/19 06:12:50.648, 69.96, 1860, 1860, 8001, 77, 100, 36, 1017, 6141, P0, 4, 8
2026/04/19 06:12:50.759, 69.96, 1860, 1860, 8001, 77, 100, 36, 1017, 6141, P0, 4, 8
2026/04/19 06:12:50.871, 69.96, 1860, 1860, 8001, 77, 100, 36, 1017, 6141, P0, 4, 8
2026/04/19 06:12:50.982, 69.97, 1845, 1845, 8001, 77, 100, 36, 1017, 6141, P0, 4, 8
2026/04/19 06:12:51.092, 69.97, 1845, 1845, 8001, 77, 100, 36, 1017, 6141, P0, 4, 8
2026/04/19 06:12:51.202, 69.97, 1845, 1845, 8001, 77, 100, 36, 1017, 6141, P0, 4, 8
2026/04/19 06:12:51.312, 69.97, 1845, 1845, 8001, 77, 100, 36, 1017, 6141, P0, 4, 8
2026/04/19 06:12:51.422, 69.97, 1830, 1830, 8001, 77, 100, 36, 1017, 6141, P0, 4, 8
2026/04/19 06:12:51.534, 69.97, 1830, 1830, 8001, 77, 100, 36, 1017, 6141, P0, 4, 8
2026/04/19 06:12:51.644, 69.97, 1830, 1830, 8001, 77, 100, 36, 1017, 6141, P0, 4, 8
2026/04/19 06:12:51.755, 69.97, 1830, 1830, 8001, 77, 100, 36, 1017, 6141, P0, 4, 8
2026/04/19 06:12:51.865, 69.97, 1830, 1830, 8001, 77, 100, 36, 1017, 6141, P0, 4, 8
2026/04/19 06:12:51.974, 69.96, 1830, 1830, 8001, 77, 100, 36, 1017, 6141, P0, 4, 8
2026/04/19 06:12:52.085, 69.96, 1830, 1830, 8001, 77, 100, 36, 1017, 6141, P0, 4, 8
2026/04/19 06:12:52.195, 69.96, 1830, 1830, 8001, 77, 100, 36, 1017, 6141, P0, 4, 8
2026/04/19 06:12:52.306, 69.96, 1830, 1830, 8001, 77, 100, 36, 1017, 6141, P0, 4, 8
2026/04/19 06:12:52.416, 69.95, 1830, 1830, 8001, 77, 100, 36, 1017, 6141, P0, 4, 8
2026/04/19 06:12:52.525, 69.95, 1830, 1830, 8001, 77, 100, 36, 1017, 6141, P0, 4, 8
2026/04/19 06:12:52.636, 69.95, 1830, 1830, 8001, 77, 100, 36, 1017, 6141, P0, 4, 8
2026/04/19 06:12:52.747, 69.95, 1830, 1830, 8001, 77, 100, 36, 1017, 6141, P0, 4, 8
2026/04/19 06:12:52.856, 69.95, 1830, 1830, 8001, 77, 100, 36, 1017, 6141, P0, 4, 8
2026/04/19 06:12:52.965, 69.96, 1800, 1800, 8001, 77, 100, 36, 1017, 6141, P0, 4, 8
2026/04/19 06:12:53.076, 69.96, 1800, 1800, 8001, 77, 100, 36, 1017, 6141, P0, 4, 8
2026/04/19 06:12:53.186, 69.96, 1800, 1800, 8001, 77, 100, 36, 1017, 6141, P0, 4, 8
2026/04/19 06:12:53.296, 69.96, 1800, 1800, 8001, 77, 100, 36, 1017, 6141, P0, 4, 8
2026/04/19 06:12:53.407, 70.00, 1830, 1830, 8001, 77, 100, 36, 1017, 6141, P0, 4, 8
2026/04/19 06:12:53.517, 70.00, 1830, 1830, 8001, 77, 100, 36, 1017, 6141, P0, 4, 8
2026/04/19 06:12:53.627, 70.00, 1830, 1830, 8001, 77, 100, 36, 1017, 6141, P0, 4, 8
2026/04/19 06:12:53.736, 70.00, 1830, 1830, 8001, 77, 100, 36, 1017, 6141, P0, 4, 8
2026/04/19 06:12:53.846, 70.00, 1830, 1830, 8001, 77, 100, 36, 1017, 6141, P0, 4, 8
2026/04/19 06:12:53.957, 69.94, 1800, 1800, 8001, 76, 100, 36, 1017, 6141, P0, 4, 8
2026/04/19 06:12:54.065, 69.94, 1800, 1800, 8001, 76, 100, 36, 1017, 6141, P0, 4, 8
2026/04/19 06:12:54.177, 69.94, 1800, 1800, 8001, 76, 100, 36, 1017, 6141, P0, 4, 8
2026/04/19 06:12:54.286, 69.94, 1800, 1800, 8001, 76, 100, 36, 1017, 6141, P0, 4, 8
2026/04/19 06:12:54.396, 69.99, 1830, 1830, 8001, 77, 100, 36, 1017, 6141, P0, 4, 8
2026/04/19 06:12:54.506, 69.99, 1830, 1830, 8001, 77, 100, 36, 1017, 6141, P0, 4, 8
2026/04/19 06:12:54.617, 69.99, 1830, 1830, 8001, 77, 100, 36, 1017, 6141, P0, 4, 8
2026/04/19 06:12:54.728, 69.99, 1830, 1830, 8001, 77, 100, 36, 1017, 6141, P0, 4, 8
2026/04/19 06:12:54.839, 69.99, 1830, 1830, 8001, 77, 100, 36, 1017, 6141, P0, 4, 8
2026/04/19 06:12:54.948, 69.90, 1830, 1830, 8001, 76, 100, 36, 1017, 6141, P0, 4, 8
2026/04/19 06:12:55.059, 69.90, 1830, 1830, 8001, 76, 100, 36, 1017, 6141, P0, 4, 8
2026/04/19 06:12:55.169, 69.90, 1830, 1830, 8001, 76, 100, 36, 1017, 6141, P0, 4, 8
2026/04/19 06:12:55.280, 69.90, 1830, 1830, 8001, 76, 100, 36, 1017, 6141, P0, 4, 8
2026/04/19 06:12:55.388, 69.90, 1830, 1830, 8001, 76, 100, 36, 1017, 6141, P0, 4, 8
2026/04/19 06:12:55.500, 69.97, 1830, 1830, 8001, 77, 100, 36, 1017, 6141, P0, 4, 8
2026/04/19 06:12:55.611, 69.97, 1830, 1830, 8001, 77, 100, 36, 1017, 6141, P0, 4, 8
2026/04/19 06:12:55.723, 69.97, 1830, 1830, 8001, 77, 100, 36, 1017, 6141, P0, 4, 8
2026/04/19 06:12:55.833, 69.97, 1830, 1830, 8001, 77, 100, 36, 1017, 6141, P0, 4, 8
2026/04/19 06:12:55.942, 69.88, 1815, 1815, 8001, 77, 100, 36, 1017, 6141, P0, 4, 8
2026/04/19 06:12:56.052, 69.88, 1815, 1815, 8001, 77, 100, 36, 1017, 6141, P0, 4, 8
2026/04/19 06:12:56.163, 69.88, 1815, 1815, 8001, 77, 100, 36, 1017, 6141, P0, 4, 8
2026/04/19 06:12:56.273, 69.88, 1815, 1815, 8001, 77, 100, 36, 1017, 6141, P0, 4, 8
2026/04/19 06:12:56.382, 69.88, 1815, 1815, 8001, 77, 100, 36, 1017, 6141, P0, 4, 8
2026/04/19 06:12:56.492, 69.94, 1830, 1830, 8001, 77, 100, 36, 1017, 6141, P0, 4, 8
2026/04/19 06:12:56.603, 69.94, 1830, 1830, 8001, 77, 100, 36, 1017, 6141, P0, 4, 8
2026/04/19 06:12:56.713, 69.94, 1830, 1830, 8001, 77, 100, 36, 1017, 6141, P0, 4, 8
2026/04/19 06:12:56.824, 69.94, 1830, 1830, 8001, 77, 100, 36, 1017, 6141, P0, 4, 8
2026/04/19 06:12:56.935, 69.93, 1800, 1800, 8001, 76, 100, 36, 1017, 6141, P0, 4, 8
2026/04/19 06:12:57.046, 69.93, 1800, 1800, 8001, 76, 100, 36, 1017, 6141, P0, 4, 8
2026/04/19 06:12:57.157, 69.93, 1800, 1800, 8001, 76, 100, 36, 1017, 6141, P0, 4, 8
2026/04/19 06:12:57.268, 69.93, 1800, 1800, 8001, 76, 100, 36, 1017, 6141, P0, 4, 8
2026/04/19 06:12:57.377, 69.93, 1800, 1800, 8001, 76, 100, 36, 1017, 6141, P0, 4, 8
2026/04/19 06:12:57.487, 69.92, 1830, 1830, 8001, 77, 100, 36, 1017, 6141, P0, 4, 8
2026/04/19 06:12:57.599, 69.92, 1830, 1830, 8001, 77, 100, 36, 1017, 6141, P0, 4, 8
2026/04/19 06:12:57.709, 69.92, 1830, 1830, 8001, 77, 100, 36, 1017, 6141, P0, 4, 8
2026/04/19 06:12:57.820, 69.92, 1830, 1830, 8001, 77, 100, 36, 1017, 6141, P0, 4, 8
2026/04/19 06:12:57.932, 69.90, 1800, 1800, 8001, 77, 100, 36, 1017, 6141, P0, 4, 8
2026/04/19 06:12:58.042, 69.90, 1800, 1800, 8001, 77, 100, 36, 1017, 6141, P0, 4, 8
2026/04/19 06:12:58.152, 69.90, 1800, 1800, 8001, 77, 100, 36, 1017, 6141, P0, 4, 8
2026/04/19 06:12:58.262, 69.90, 1800, 1800, 8001, 77, 100, 36, 1017, 6141, P0, 4, 8
2026/04/19 06:12:58.373, 69.90, 1800, 1800, 8001, 77, 100, 36, 1017, 6141, P0, 4, 8
2026/04/19 06:12:58.483, 69.96, 1860, 1860, 8001, 77, 100, 37, 1017, 6141, P0, 4, 8
2026/04/19 06:12:58.592, 69.96, 1860, 1860, 8001, 77, 100, 37, 1017, 6141, P0, 4, 8
2026/04/19 06:12:58.702, 69.96, 1860, 1860, 8001, 77, 100, 37, 1017, 6141, P0, 4, 8
2026/04/19 06:12:58.813, 69.96, 1860, 1860, 8001, 77, 100, 37, 1017, 6141, P0, 4, 8
2026/04/19 06:12:58.922, 69.82, 1800, 1800, 8001, 76, 100, 37, 1017, 6141, P0, 4, 8
2026/04/19 06:12:59.033, 69.82, 1800, 1800, 8001, 76, 100, 37, 1017, 6141, P0, 4, 8
2026/04/19 06:12:59.141, 69.82, 1800, 1800, 8001, 76, 100, 37, 1017, 6141, P0, 4, 8
2026/04/19 06:12:59.251, 69.82, 1800, 1800, 8001, 76, 100, 37, 1017, 6141, P0, 4, 8
2026/04/19 06:12:59.360, 69.82, 1800, 1800, 8001, 76, 100, 37, 1017, 6141, P0, 4, 8
2026/04/19 06:12:59.470, 69.99, 1830, 1830, 8001, 77, 100, 36, 1017, 6141, P0, 4, 8
2026/04/19 06:12:59.578, 69.99, 1830, 1830, 8001, 77, 100, 36, 1017, 6141, P0, 4, 8
2026/04/19 06:12:59.689, 69.99, 1830, 1830, 8001, 77, 100, 36, 1017, 6141, P0, 4, 8
2026/04/19 06:12:59.799, 69.99, 1830, 1830, 8001, 77, 100, 36, 1017, 6141, P0, 4, 8
2026/04/19 06:12:59.910, 69.81, 1800, 1800, 8001, 77, 100, 36, 1017, 6141, P0, 4, 8
2026/04/19 06:13:00.021, 69.81, 1800, 1800, 8001, 77, 100, 36, 1017, 6141, P0, 4, 8
2026/04/19 06:13:00.132, 69.81, 1800, 1800, 8001, 77, 100, 36, 1017, 6141, P0, 4, 8
2026/04/19 06:13:00.243, 69.81, 1800, 1800, 8001, 77, 100, 36, 1017, 6141, P0, 4, 8
2026/04/19 06:13:00.353, 69.81, 1800, 1800, 8001, 77, 100, 36, 1017, 6141, P0, 4, 8
2026/04/19 06:13:00.464, 69.99, 1860, 1860, 8001, 77, 100, 36, 1017, 6141, P0, 4, 8
2026/04/19 06:13:00.571, 69.99, 1860, 1860, 8001, 77, 100, 36, 1017, 6141, P0, 4, 8
2026/04/19 06:13:00.682, 69.99, 1860, 1860, 8001, 77, 100, 36, 1017, 6141, P0, 4, 8
2026/04/19 06:13:00.792, 69.99, 1860, 1860, 8001, 77, 100, 36, 1017, 6141, P0, 4, 8
2026/04/19 06:13:00.903, 69.87, 1800, 1800, 8001, 77, 100, 36, 1017, 6141, P0, 4, 8
2026/04/19 06:13:01.013, 69.87, 1800, 1800, 8001, 77, 100, 36, 1017, 6141, P0, 4, 8
2026/04/19 06:13:01.124, 69.87, 1800, 1800, 8001, 77, 100, 36, 1017, 6141, P0, 4, 8
2026/04/19 06:13:01.234, 69.87, 1800, 1800, 8001, 77, 100, 36, 1017, 6141, P0, 4, 8
2026/04/19 06:13:01.344, 69.87, 1800, 1800, 8001, 77, 100, 36, 1017, 6141, P0, 4, 8
2026/04/19 06:13:01.454, 69.97, 1860, 1860, 8001, 77, 100, 36, 1017, 6141, P0, 4, 8
2026/04/19 06:13:01.564, 69.97, 1860, 1860, 8001, 77, 100, 36, 1017, 6141, P0, 4, 8
2026/04/19 06:13:01.675, 69.97, 1860, 1860, 8001, 77, 100, 36, 1017, 6141, P0, 4, 8
2026/04/19 06:13:01.786, 69.97, 1860, 1860, 8001, 77, 100, 36, 1017, 6141, P0, 4, 8
2026/04/19 06:13:01.895, 69.89, 1830, 1830, 8001, 77, 100, 36, 1017, 6141, P0, 4, 8
2026/04/19 06:13:02.005, 69.89, 1830, 1830, 8001, 77, 100, 36, 1017, 6141, P0, 4, 8
2026/04/19 06:13:02.116, 69.89, 1830, 1830, 8001, 77, 100, 36, 1017, 6141, P0, 4, 8
2026/04/19 06:13:02.225, 69.89, 1830, 1830, 8001, 77, 100, 36, 1017, 6141, P0, 4, 8
2026/04/19 06:13:02.334, 69.89, 1830, 1830, 8001, 77, 100, 36, 1017, 6141, P0, 4, 8
2026/04/19 06:13:02.444, 70.01, 1860, 1860, 8001, 77, 100, 36, 1017, 6141, P0, 4, 8
2026/04/19 06:13:02.554, 70.01, 1860, 1860, 8001, 77, 100, 36, 1017, 6141, P0, 4, 8
2026/04/19 06:13:02.665, 70.01, 1860, 1860, 8001, 77, 100, 36, 1017, 6141, P0, 4, 8
2026/04/19 06:13:02.775, 70.01, 1860, 1860, 8001, 77, 100, 36, 1017, 6141, P0, 4, 8
2026/04/19 06:13:02.883, 70.01, 1860, 1860, 8001, 77, 100, 36, 1017, 6141, P0, 4, 8
2026/04/19 06:13:02.994, 69.83, 1815, 1815, 8001, 77, 100, 36, 1017, 6141, P0, 4, 8
2026/04/19 06:13:03.103, 69.83, 1815, 1815, 8001, 77, 100, 36, 1017, 6141, P0, 4, 8
2026/04/19 06:13:03.212, 69.83, 1815, 1815, 8001, 77, 100, 36, 1017, 6141, P0, 4, 8
2026/04/19 06:13:03.322, 69.83, 1815, 1815, 8001, 77, 100, 36, 1017, 6141, P0, 4, 8
2026/04/19 06:13:03.432, 69.97, 1830, 1830, 8001, 77, 100, 36, 1017, 6141, P0, 4, 8
2026/04/19 06:13:03.542, 69.97, 1830, 1830, 8001, 77, 100, 36, 1017, 6141, P0, 4, 8
2026/04/19 06:13:03.653, 69.97, 1830, 1830, 8001, 77, 100, 36, 1017, 6141, P0, 4, 8
2026/04/19 06:13:03.764, 69.97, 1830, 1830, 8001, 77, 100, 36, 1017, 6141, P0, 4, 8
2026/04/19 06:13:03.874, 69.97, 1830, 1830, 8001, 77, 100, 36, 1017, 6141, P0, 4, 8
2026/04/19 06:13:03.983, 69.90, 1800, 1800, 8001, 77, 100, 36, 1017, 6141, P0, 4, 8
2026/04/19 06:13:04.093, 69.90, 1800, 1800, 8001, 77, 100, 36, 1017, 6141, P0, 4, 8
2026/04/19 06:13:04.204, 69.90, 1800, 1800, 8001, 77, 100, 36, 1017, 6141, P0, 4, 8
2026/04/19 06:13:04.315, 69.90, 1800, 1800, 8001, 77, 100, 36, 1017, 6141, P0, 4, 8
2026/04/19 06:13:04.423, 69.95, 1830, 1830, 8001, 77, 100, 36, 1017, 6141, P0, 4, 8
2026/04/19 06:13:04.534, 69.95, 1830, 1830, 8001, 77, 100, 36, 1017, 6141, P0, 4, 8
2026/04/19 06:13:04.643, 69.95, 1830, 1830, 8001, 77, 100, 36, 1017, 6141, P0, 4, 8
2026/04/19 06:13:04.754, 69.95, 1830, 1830, 8001, 77, 100, 36, 1017, 6141, P0, 4, 8
2026/04/19 06:13:04.865, 69.95, 1830, 1830, 8001, 77, 100, 36, 1017, 6141, P0, 4, 8
2026/04/19 06:13:04.974, 69.87, 1815, 1815, 8001, 77, 100, 36, 1017, 6141, P0, 4, 8
2026/04/19 06:13:05.084, 69.87, 1815, 1815, 8001, 77, 100, 36, 1017, 6141, P0, 4, 8
2026/04/19 06:13:05.194, 69.87, 1815, 1815, 8001, 77, 100, 36, 1017, 6141, P0, 4, 8
2026/04/19 06:13:05.304, 69.87, 1815, 1815, 8001, 77, 100, 36, 1017, 6141, P0, 4, 8
2026/04/19 06:13:05.415, 69.95, 1830, 1830, 8001, 77, 100, 36, 1017, 6141, P0, 4, 8
2026/04/19 06:13:05.524, 69.95, 1830, 1830, 8001, 77, 100, 36, 1017, 6141, P0, 4, 8
2026/04/19 06:13:05.634, 69.95, 1830, 1830, 8001, 77, 100, 36, 1017, 6141, P0, 4, 8
2026/04/19 06:13:05.743, 69.95, 1830, 1830, 8001, 77, 100, 36, 1017, 6141, P0, 4, 8
2026/04/19 06:13:05.854, 69.95, 1830, 1830, 8001, 77, 100, 36, 1017, 6141, P0, 4, 8
2026/04/19 06:13:05.965, 69.93, 1800, 1800, 8001, 77, 100, 36, 1017, 6141, P0, 4, 8
2026/04/19 06:13:06.076, 69.93, 1800, 1800, 8001, 77, 100, 36, 1017, 6141, P0, 4, 8
2026/04/19 06:13:06.184, 69.93, 1800, 1800, 8001, 77, 100, 36, 1017, 6141, P0, 4, 8
2026/04/19 06:13:06.293, 69.93, 1800, 1800, 8001, 77, 100, 36, 1017, 6141, P0, 4, 8
2026/04/19 06:13:06.404, 69.98, 1860, 1860, 8001, 77, 100, 36, 1017, 6141, P0, 4, 8
2026/04/19 06:13:06.515, 69.98, 1860, 1860, 8001, 77, 100, 36, 1017, 6141, P0, 4, 8
2026/04/19 06:13:06.626, 69.98, 1860, 1860, 8001, 77, 100, 36, 1017, 6141, P0, 4, 8
2026/04/19 06:13:06.736, 69.98, 1860, 1860, 8001, 77, 100, 36, 1017, 6141, P0, 4, 8
2026/04/19 06:13:06.846, 69.98, 1860, 1860, 8001, 77, 100, 36, 1017, 6141, P0, 4, 8
2026/04/19 06:13:06.956, 69.91, 1800, 1800, 8001, 77, 100, 36, 1017, 6141, P0, 4, 8
2026/04/19 06:13:07.065, 69.91, 1800, 1800, 8001, 77, 100, 36, 1017, 6141, P0, 4, 8
2026/04/19 06:13:07.176, 69.91, 1800, 1800, 8001, 77, 100, 36, 1017, 6141, P0, 4, 8
2026/04/19 06:13:07.285, 69.91, 1800, 1800, 8001, 77, 100, 36, 1017, 6141, P0, 4, 8
2026/04/19 06:13:07.396, 69.98, 1845, 1845, 8001, 77, 100, 36, 1017, 6141, P0, 4, 8
2026/04/19 06:13:07.507, 69.98, 1845, 1845, 8001, 77, 100, 36, 1017, 6141, P0, 4, 8
2026/04/19 06:13:07.617, 69.98, 1845, 1845, 8001, 77, 100, 36, 1017, 6141, P0, 4, 8
2026/04/19 06:13:07.727, 69.98, 1845, 1845, 8001, 77, 100, 36, 1017, 6141, P0, 4, 8
2026/04/19 06:13:07.837, 69.98, 1845, 1845, 8001, 77, 100, 36, 1017, 6141, P0, 4, 8
2026/04/19 06:13:07.947, 69.91, 1830, 1830, 8001, 77, 100, 36, 1017, 6141, P0, 4, 8
2026/04/19 06:13:08.057, 69.91, 1830, 1830, 8001, 77, 100, 36, 1017, 6141, P0, 4, 8
2026/04/19 06:13:08.168, 69.91, 1830, 1830, 8001, 77, 100, 36, 1017, 6141, P0, 4, 8
2026/04/19 06:13:08.278, 69.91, 1830, 1830, 8001, 77, 100, 36, 1017, 6141, P0, 4, 8
2026/04/19 06:13:08.389, 69.91, 1830, 1830, 8001, 77, 100, 36, 1017, 6141, P0, 4, 8
2026/04/19 06:13:08.497, 69.98, 1830, 1830, 8001, 77, 100, 36, 1017, 6141, P0, 4, 8
2026/04/19 06:13:08.607, 69.98, 1830, 1830, 8001, 77, 100, 36, 1017, 6141, P0, 4, 8
2026/04/19 06:13:08.717, 69.98, 1830, 1830, 8001, 77, 100, 36, 1017, 6141, P0, 4, 8
2026/04/19 06:13:08.826, 69.98, 1830, 1830, 8001, 77, 100, 36, 1017, 6141, P0, 4, 8
2026/04/19 06:13:08.936, 69.87, 1860, 1860, 8001, 77, 100, 36, 1017, 6141, P0, 4, 8
2026/04/19 06:13:09.046, 69.87, 1860, 1860, 8001, 77, 100, 36, 1017, 6141, P0, 4, 8
2026/04/19 06:13:09.155, 69.87, 1860, 1860, 8001, 77, 100, 36, 1017, 6141, P0, 4, 8
2026/04/19 06:13:09.264, 69.87, 1860, 1860, 8001, 77, 100, 36, 1017, 6141, P0, 4, 8
2026/04/19 06:13:09.376, 69.87, 1860, 1860, 8001, 77, 100, 36, 1017, 6141, P0, 4, 8
2026/04/19 06:13:09.485, 69.99, 1830, 1830, 8001, 77, 100, 36, 1017, 6141, P0, 4, 8
2026/04/19 06:13:09.594, 69.99, 1830, 1830, 8001, 77, 100, 36, 1017, 6141, P0, 4, 8
2026/04/19 06:13:09.705, 69.99, 1830, 1830, 8001, 77, 100, 36, 1017, 6141, P0, 4, 8
2026/04/19 06:13:09.815, 69.99, 1830, 1830, 8001, 77, 100, 36, 1017, 6141, P0, 4, 8
2026/04/19 06:13:09.926, 69.91, 1845, 1845, 8001, 77, 100, 36, 1017, 6141, P0, 4, 8
2026/04/19 06:13:10.036, 69.91, 1845, 1845, 8001, 77, 100, 36, 1017, 6141, P0, 4, 8
2026/04/19 06:13:10.146, 69.91, 1845, 1845, 8001, 77, 100, 36, 1017, 6141, P0, 4, 8
2026/04/19 06:13:10.255, 69.91, 1845, 1845, 8001, 77, 100, 36, 1017, 6141, P0, 4, 8
2026/04/19 06:13:10.366, 69.91, 1845, 1845, 8001, 77, 100, 36, 1017, 6141, P0, 4, 8
2026/04/19 06:13:10.476, 69.99, 1800, 1800, 8001, 77, 100, 36, 1017, 6141, P0, 4, 8
2026/04/19 06:13:10.584, 69.99, 1800, 1800, 8001, 77, 100, 36, 1017, 6141, P0, 4, 8
2026/04/19 06:13:10.694, 69.99, 1800, 1800, 8001, 77, 100, 36, 1017, 6141, P0, 4, 8
2026/04/19 06:13:10.805, 69.99, 1800, 1800, 8001, 77, 100, 36, 1017, 6141, P0, 4, 8
2026/04/19 06:13:10.914, 69.91, 1830, 1830, 8001, 77, 100, 36, 1017, 6141, P0, 4, 8
2026/04/19 06:13:11.024, 69.91, 1830, 1830, 8001, 77, 100, 36, 1017, 6141, P0, 4, 8
2026/04/19 06:13:11.134, 69.91, 1830, 1830, 8001, 77, 100, 36, 1017, 6141, P0, 4, 8
2026/04/19 06:13:11.245, 69.91, 1830, 1830, 8001, 77, 100, 36, 1017, 6141, P0, 4, 8
2026/04/19 06:13:11.355, 69.91, 1830, 1830, 8001, 77, 100, 36, 1017, 6141, P0, 4, 8
2026/04/19 06:13:11.464, 69.91, 1815, 1815, 8001, 77, 100, 36, 1017, 6141, P0, 4, 8
2026/04/19 06:13:11.574, 69.91, 1815, 1815, 8001, 77, 100, 36, 1017, 6141, P0, 4, 8
2026/04/19 06:13:11.682, 69.91, 1815, 1815, 8001, 77, 100, 36, 1017, 6141, P0, 4, 8
2026/04/19 06:13:11.793, 69.91, 1815, 1815, 8001, 77, 100, 36, 1017, 6141, P0, 4, 8
2026/04/19 06:13:11.904, 69.86, 1830, 1830, 8001, 77, 100, 36, 1017, 6141, P0, 4, 8
2026/04/19 06:13:12.014, 69.86, 1830, 1830, 8001, 77, 100, 36, 1017, 6141, P0, 4, 8
2026/04/19 06:13:12.125, 69.86, 1830, 1830, 8001, 77, 100, 36, 1017, 6141, P0, 4, 8
2026/04/19 06:13:12.235, 69.86, 1830, 1830, 8001, 77, 100, 36, 1017, 6141, P0, 4, 8
2026/04/19 06:13:12.344, 69.86, 1830, 1830, 8001, 77, 100, 36, 1017, 6141, P0, 4, 8
2026/04/19 06:13:12.453, 69.96, 1830, 1830, 8001, 77, 100, 36, 1017, 6141, P0, 4, 8
2026/04/19 06:13:12.563, 69.96, 1830, 1830, 8001, 77, 100, 36, 1017, 6141, P0, 4, 8
2026/04/19 06:13:12.674, 69.96, 1830, 1830, 8001, 77, 100, 36, 1017, 6141, P0, 4, 8
2026/04/19 06:13:12.784, 69.96, 1830, 1830, 8001, 77, 100, 36, 1017, 6141, P0, 4, 8
2026/04/19 06:13:12.893, 69.96, 1830, 1830, 8001, 77, 100, 36, 1017, 6141, P0, 4, 8
2026/04/19 06:13:13.004, 69.90, 1830, 1830, 8001, 77, 100, 36, 1017, 6141, P0, 4, 8
2026/04/19 06:13:13.112, 69.90, 1830, 1830, 8001, 77, 100, 36, 1017, 6141, P0, 4, 8
2026/04/19 06:13:13.222, 69.90, 1830, 1830, 8001, 77, 100, 36, 1017, 6141, P0, 4, 8
2026/04/19 06:13:13.332, 69.90, 1830, 1830, 8001, 77, 100, 36, 1017, 6141, P0, 4, 8
2026/04/19 06:13:13.442, 69.94, 1815, 1815, 8001, 77, 100, 36, 1017, 6141, P0, 4, 8
2026/04/19 06:13:13.553, 69.94, 1815, 1815, 8001, 77, 100, 36, 1017, 6141, P0, 4, 8
2026/04/19 06:13:13.662, 69.94, 1815, 1815, 8001, 77, 100, 36, 1017, 6141, P0, 4, 8
2026/04/19 06:13:13.772, 69.94, 1815, 1815, 8001, 77, 100, 36, 1017, 6141, P0, 4, 8
2026/04/19 06:13:13.884, 69.94, 1815, 1815, 8001, 77, 100, 36, 1017, 6141, P0, 4, 8
2026/04/19 06:13:13.992, 69.91, 1815, 1815, 8001, 77, 100, 36, 1017, 6141, P0, 4, 8
2026/04/19 06:13:14.102, 69.91, 1815, 1815, 8001, 77, 100, 36, 1017, 6141, P0, 4, 8
2026/04/19 06:13:14.213, 69.91, 1815, 1815, 8001, 77, 100, 36, 1017, 6141, P0, 4, 8
2026/04/19 06:13:14.323, 69.91, 1815, 1815, 8001, 77, 100, 36, 1017, 6141, P0, 4, 8
2026/04/19 06:13:14.433, 69.98, 1845, 1845, 8001, 77, 100, 36, 1017, 6141, P0, 4, 8
2026/04/19 06:13:14.545, 69.98, 1845, 1845, 8001, 77, 100, 36, 1017, 6141, P0, 4, 8
2026/04/19 06:13:14.655, 69.98, 1845, 1845, 8001, 77, 100, 36, 1017, 6141, P0, 4, 8
2026/04/19 06:13:14.765, 69.98, 1845, 1845, 8001, 77, 100, 36, 1017, 6141, P0, 4, 8
2026/04/19 06:13:14.875, 69.98, 1845, 1845, 8001, 77, 100, 36, 1017, 6141, P0, 4, 8
2026/04/19 06:13:14.985, 69.86, 1830, 1830, 8001, 77, 100, 36, 1017, 6141, P0, 4, 8
2026/04/19 06:13:15.093, 69.86, 1830, 1830, 8001, 77, 100, 36, 1017, 6141, P0, 4, 8
2026/04/19 06:13:15.204, 69.86, 1830, 1830, 8001, 77, 100, 36, 1017, 6141, P0, 4, 8
2026/04/19 06:13:15.314, 69.86, 1830, 1830, 8001, 77, 100, 36, 1017, 6141, P0, 4, 8
2026/04/19 06:13:15.424, 69.89, 1830, 1830, 8001, 77, 100, 36, 1017, 6141, P0, 4, 8
2026/04/19 06:13:15.535, 69.89, 1830, 1830, 8001, 77, 100, 36, 1017, 6141, P0, 4, 8
2026/04/19 06:13:15.644, 69.89, 1830, 1830, 8001, 77, 100, 36, 1017, 6141, P0, 4, 8
2026/04/19 06:13:15.754, 69.89, 1830, 1830, 8001, 77, 100, 36, 1017, 6141, P0, 4, 8
2026/04/19 06:13:15.864, 69.89, 1830, 1830, 8001, 77, 100, 36, 1017, 6141, P0, 4, 8
2026/04/19 06:13:15.974, 69.86, 1815, 1815, 8001, 77, 100, 36, 1017, 6141, P0, 4, 8
2026/04/19 06:13:16.084, 69.86, 1815, 1815, 8001, 77, 100, 36, 1017, 6141, P0, 4, 8
2026/04/19 06:13:16.193, 69.86, 1815, 1815, 8001, 77, 100, 36, 1017, 6141, P0, 4, 8
2026/04/19 06:13:16.303, 69.86, 1815, 1815, 8001, 77, 100, 36, 1017, 6141, P0, 4, 8
2026/04/19 06:13:16.413, 69.97, 1860, 1860, 8001, 77, 100, 36, 1017, 6141, P0, 4, 8
2026/04/19 06:13:16.524, 69.97, 1860, 1860, 8001, 77, 100, 36, 1017, 6141, P0, 4, 8
2026/04/19 06:13:16.633, 69.97, 1860, 1860, 8001, 77, 100, 36, 1017, 6141, P0, 4, 8
2026/04/19 06:13:16.743, 69.97, 1860, 1860, 8001, 77, 100, 36, 1017, 6141, P0, 4, 8
2026/04/19 06:13:16.852, 69.97, 1860, 1860, 8001, 77, 100, 36, 1017, 6141, P0, 4, 8
2026/04/19 06:13:16.963, 69.92, 1845, 1845, 8001, 77, 100, 36, 1017, 6141, P0, 4, 8
2026/04/19 06:13:17.072, 69.92, 1845, 1845, 8001, 77, 100, 36, 1017, 6141, P0, 4, 8
2026/04/19 06:13:17.183, 69.92, 1845, 1845, 8001, 77, 100, 36, 1017, 6141, P0, 4, 8
2026/04/19 06:13:17.293, 69.92, 1845, 1845, 8001, 77, 100, 36, 1017, 6141, P0, 4, 8
2026/04/19 06:13:17.402, 70.00, 1830, 1830, 8001, 77, 100, 36, 1017, 6141, P0, 4, 8
2026/04/19 06:13:17.512, 70.00, 1830, 1830, 8001, 77, 100, 36, 1017, 6141, P0, 4, 8
2026/04/19 06:13:17.622, 70.00, 1830, 1830, 8001, 77, 100, 36, 1017, 6141, P0, 4, 8
2026/04/19 06:13:17.733, 70.00, 1830, 1830, 8001, 77, 100, 36, 1017, 6141, P0, 4, 8
2026/04/19 06:13:17.844, 70.00, 1830, 1830, 8001, 77, 100, 36, 1017, 6141, P0, 4, 8
2026/04/19 06:13:17.954, 69.91, 1830, 1830, 8001, 77, 100, 36, 1017, 6141, P0, 4, 8
2026/04/19 06:13:18.066, 69.91, 1830, 1830, 8001, 77, 100, 36, 1017, 6141, P0, 4, 8
2026/04/19 06:13:18.175, 69.91, 1830, 1830, 8001, 77, 100, 36, 1017, 6141, P0, 4, 8
2026/04/19 06:13:18.286, 69.91, 1830, 1830, 8001, 77, 100, 36, 1017, 6141, P0, 4, 8
2026/04/19 06:13:18.396, 69.91, 1830, 1830, 8001, 77, 100, 36, 1017, 6141, P0, 4, 8
2026/04/19 06:13:18.506, 69.98, 1815, 1815, 8001, 77, 100, 36, 1017, 6141, P0, 4, 8
2026/04/19 06:13:18.617, 69.98, 1815, 1815, 8001, 77, 100, 36, 1017, 6141, P0, 4, 8
2026/04/19 06:13:18.727, 69.98, 1815, 1815, 8001, 77, 100, 36, 1017, 6141, P0, 4, 8
2026/04/19 06:13:18.838, 69.98, 1815, 1815, 8001, 77, 100, 36, 1017, 6141, P0, 4, 8
2026/04/19 06:13:18.949, 69.96, 1845, 1845, 8001, 77, 100, 36, 1017, 6141, P0, 4, 8
2026/04/19 06:13:19.059, 69.96, 1845, 1845, 8001, 77, 100, 36, 1017, 6141, P0, 4, 8
2026/04/19 06:13:19.168, 69.96, 1845, 1845, 8001, 77, 100, 36, 1017, 6141, P0, 4, 8
2026/04/19 06:13:19.277, 69.96, 1845, 1845, 8001, 77, 100, 36, 1017, 6141, P0, 4, 8
2026/04/19 06:13:19.388, 69.96, 1845, 1845, 8001, 77, 100, 36, 1017, 6141, P0, 4, 8
2026/04/19 06:13:19.497, 69.99, 1815, 1815, 8001, 77, 100, 36, 1017, 6141, P0, 4, 8
2026/04/19 06:13:19.607, 69.99, 1815, 1815, 8001, 77, 100, 36, 1017, 6141, P0, 4, 8
2026/04/19 06:13:19.717, 69.99, 1815, 1815, 8001, 77, 100, 36, 1017, 6141, P0, 4, 8
2026/04/19 06:13:19.828, 69.99, 1815, 1815, 8001, 77, 100, 36, 1017, 6141, P0, 4, 8
2026/04/19 06:13:19.938, 69.95, 1845, 1845, 8001, 77, 100, 36, 1017, 6141, P0, 4, 8
2026/04/19 06:13:20.047, 69.95, 1845, 1845, 8001, 77, 100, 36, 1017, 6141, P0, 4, 8
2026/04/19 06:13:20.158, 69.95, 1845, 1845, 8001, 77, 100, 36, 1017, 6141, P0, 4, 8
2026/04/19 06:13:20.269, 69.95, 1845, 1845, 8001, 77, 100, 36, 1017, 6141, P0, 4, 8
2026/04/19 06:13:20.379, 69.95, 1845, 1845, 8001, 77, 100, 36, 1017, 6141, P0, 4, 8
2026/04/19 06:13:20.489, 69.92, 1815, 1815, 8001, 77, 100, 36, 1017, 6141, P0, 4, 8
2026/04/19 06:13:20.599, 69.92, 1815, 1815, 8001, 77, 100, 36, 1017, 6141, P0, 4, 8
2026/04/19 06:13:20.711, 69.92, 1815, 1815, 8001, 77, 100, 36, 1017, 6141, P0, 4, 8
2026/04/19 06:13:20.820, 69.92, 1815, 1815, 8001, 77, 100, 36, 1017, 6141, P0, 4, 8
2026/04/19 06:13:20.930, 69.94, 1830, 1830, 8001, 77, 100, 36, 1017, 6141, P0, 4, 8
2026/04/19 06:13:21.041, 69.94, 1830, 1830, 8001, 77, 100, 36, 1017, 6141, P0, 4, 8
2026/04/19 06:13:21.152, 69.94, 1830, 1830, 8001, 77, 100, 36, 1017, 6141, P0, 4, 8
2026/04/19 06:13:21.263, 69.94, 1830, 1830, 8001, 77, 100, 36, 1017, 6141, P0, 4, 8
2026/04/19 06:13:21.373, 69.94, 1830, 1830, 8001, 77, 100, 36, 1017, 6141, P0, 4, 8
2026/04/19 06:13:21.484, 69.99, 1815, 1815, 8001, 77, 100, 36, 1017, 6141, P0, 4, 8
2026/04/19 06:13:21.595, 69.99, 1815, 1815, 8001, 77, 100, 36, 1017, 6141, P0, 4, 8
2026/04/19 06:13:21.705, 69.99, 1815, 1815, 8001, 77, 100, 36, 1017, 6141, P0, 4, 8
2026/04/19 06:13:21.816, 69.99, 1815, 1815, 8001, 77, 100, 36, 1017, 6141, P0, 4, 8
2026/04/19 06:13:21.927, 69.96, 1830, 1830, 8001, 77, 100, 36, 1017, 6141, P0, 4, 8
2026/04/19 06:13:22.037, 69.96, 1830, 1830, 8001, 77, 100, 36, 1017, 6141, P0, 4, 8
2026/04/19 06:13:22.148, 69.96, 1830, 1830, 8001, 77, 100, 36, 1017, 6141, P0, 4, 8
2026/04/19 06:13:22.257, 69.96, 1830, 1830, 8001, 77, 100, 36, 1017, 6141, P0, 4, 8
2026/04/19 06:13:22.365, 69.96, 1830, 1830, 8001, 77, 100, 36, 1017, 6141, P0, 4, 8
2026/04/19 06:13:22.476, 69.98, 1800, 1800, 8001, 77, 100, 36, 1017, 6141, P0, 4, 8
2026/04/19 06:13:22.585, 69.98, 1800, 1800, 8001, 77, 100, 36, 1017, 6141, P0, 4, 8
2026/04/19 06:13:22.695, 69.98, 1800, 1800, 8001, 77, 100, 36, 1017, 6141, P0, 4, 8
2026/04/19 06:13:22.805, 69.98, 1800, 1800, 8001, 77, 100, 36, 1017, 6141, P0, 4, 8
2026/04/19 06:13:22.915, 69.94, 1830, 1830, 8001, 77, 100, 36, 1017, 6141, P0, 4, 8
2026/04/19 06:13:23.024, 69.94, 1830, 1830, 8001, 77, 100, 36, 1017, 6141, P0, 4, 8
2026/04/19 06:13:23.133, 69.94, 1830, 1830, 8001, 77, 100, 36, 1017, 6141, P0, 4, 8
2026/04/19 06:13:23.243, 69.94, 1830, 1830, 8001, 77, 100, 36, 983, 6141, P0, 4, 8
