2026/04/04 00:33:36.422, 3.47, 255, 15, 28
2026/04/04 00:33:36.531, 3.11, 255, 0, 23
2026/04/04 00:33:36.640, 3.11, 255, 0, 23
2026/04/04 00:33:36.751, 3.11, 255, 0, 23
2026/04/04 00:33:36.861, 3.11, 255, 0, 23
2026/04/04 00:33:36.972, 3.11, 255, 0, 23
2026/04/04 00:33:37.082, 3.33, 390, 0, 23
2026/04/04 00:33:37.193, 3.33, 390, 0, 23
2026/04/04 00:33:37.303, 3.33, 390, 0, 23
2026/04/04 00:33:37.414, 3.33, 390, 0, 23
2026/04/04 00:33:37.523, 4.70, 495, 34, 20
2026/04/04 00:33:37.632, 4.70, 495, 34, 20
2026/04/04 00:33:37.743, 4.70, 495, 34, 20
2026/04/04 00:33:37.854, 4.70, 495, 34, 20
2026/04/04 00:33:37.963, 4.70, 495, 34, 20
2026/04/04 00:33:38.073, 5.97, 495, 34, 20
2026/04/04 00:33:38.183, 5.97, 495, 34, 20
2026/04/04 00:33:38.294, 5.97, 495, 34, 20
2026/04/04 00:33:38.403, 5.97, 495, 34, 20
2026/04/04 00:33:38.512, 5.91, 495, 0, 23
2026/04/04 00:33:38.622, 5.91, 495, 0, 23
2026/04/04 00:33:38.733, 5.91, 495, 0, 23
2026/04/04 00:33:38.843, 5.91, 495, 0, 23
2026/04/04 00:33:38.953, 5.91, 495, 0, 23
2026/04/04 00:33:39.064, 5.56, 495, 0, 23
2026/04/04 00:33:39.173, 5.56, 495, 0, 23
2026/04/04 00:33:39.283, 5.56, 495, 0, 23
2026/04/04 00:33:39.393, 5.56, 495, 0, 23
2026/04/04 00:33:39.502, 5.04, 210, 19, 28
2026/04/04 00:33:39.612, 5.04, 210, 19, 28
2026/04/04 00:33:39.723, 5.04, 210, 19, 28
2026/04/04 00:33:39.833, 5.04, 210, 19, 28
2026/04/04 00:33:39.944, 5.04, 210, 19, 28
2026/04/04 00:33:40.052, 31.54, 2085, 19, 28
2026/04/04 00:33:40.161, 31.54, 2085, 19, 28
2026/04/04 00:33:40.270, 31.54, 2085, 19, 28
2026/04/04 00:33:40.381, 31.54, 2085, 19, 28
2026/04/04 00:33:40.490, 61.64, 2130, 100, 24
2026/04/04 00:33:40.598, 61.64, 2130, 100, 24
2026/04/04 00:33:40.709, 61.64, 2130, 100, 24
2026/04/04 00:33:40.819, 61.64, 2130, 100, 24
2026/04/04 00:33:40.928, 61.64, 2130, 100, 24
2026/04/04 00:33:41.035, 69.99, 2130, 100, 24
2026/04/04 00:33:41.144, 69.99, 2130, 100, 24
2026/04/04 00:33:41.254, 69.99, 2130, 100, 24
2026/04/04 00:33:41.363, 69.99, 2130, 100, 24
2026/04/04 00:33:41.473, 69.99, 2130, 100, 24
2026/04/04 00:33:41.582, 69.95, 2160, 100, 23
2026/04/04 00:33:41.693, 69.95, 2160, 100, 23
2026/04/04 00:33:41.802, 69.95, 2160, 100, 23
2026/04/04 00:33:41.911, 69.95, 2160, 100, 23
2026/04/04 00:33:42.020, 69.95, 2160, 100, 23
2026/04/04 00:33:42.129, 69.95, 2160, 100, 23
2026/04/04 00:33:42.239, 69.95, 2160, 100, 23
2026/04/04 00:33:42.349, 69.95, 2160, 100, 23
2026/04/04 00:33:42.460, 69.95, 2160, 100, 23
2026/04/04 00:33:42.568, 69.95, 2145, 100, 24
2026/04/04 00:33:42.676, 69.95, 2145, 100, 24
2026/04/04 00:33:42.787, 69.95, 2145, 100, 24
2026/04/04 00:33:42.895, 69.95, 2145, 100, 24
2026/04/04 00:33:43.004, 69.97, 2145, 100, 24
2026/04/04 00:33:43.113, 69.97, 2145, 100, 24
2026/04/04 00:33:43.222, 69.97, 2145, 100, 24
2026/04/04 00:33:43.331, 69.97, 2145, 100, 24
2026/04/04 00:33:43.443, 69.97, 2145, 100, 24
2026/04/04 00:33:43.554, 69.94, 2175, 100, 23
2026/04/04 00:33:43.663, 69.94, 2175, 100, 23
2026/04/04 00:33:43.773, 69.94, 2175, 100, 23
2026/04/04 00:33:43.883, 69.94, 2175, 100, 23
2026/04/04 00:33:43.992, 69.93, 2175, 100, 23
2026/04/04 00:33:44.100, 69.93, 2175, 100, 23
2026/04/04 00:33:44.209, 69.93, 2175, 100, 23
2026/04/04 00:33:44.319, 69.93, 2175, 100, 23
2026/04/04 00:33:44.426, 69.93, 2175, 100, 23
2026/04/04 00:33:44.535, 69.98, 2160, 100, 24
2026/04/04 00:33:44.645, 69.98, 2160, 100, 24
2026/04/04 00:33:44.755, 69.98, 2160, 100, 24
2026/04/04 00:33:44.864, 69.98, 2160, 100, 24
2026/04/04 00:33:44.975, 69.98, 2160, 100, 24
2026/04/04 00:33:45.084, 69.95, 2145, 100, 24
2026/04/04 00:33:45.192, 69.95, 2145, 100, 24
2026/04/04 00:33:45.302, 69.95, 2145, 100, 24
2026/04/04 00:33:45.412, 69.95, 2145, 100, 24
2026/04/04 00:33:45.521, 69.91, 2160, 100, 24
2026/04/04 00:33:45.630, 69.91, 2160, 100, 24
2026/04/04 00:33:45.742, 69.91, 2160, 100, 24
2026/04/04 00:33:45.853, 69.91, 2160, 100, 24
2026/04/04 00:33:45.959, 69.91, 2160, 100, 24
2026/04/04 00:33:46.067, 69.96, 2160, 100, 24
2026/04/04 00:33:46.176, 69.96, 2160, 100, 24
2026/04/04 00:33:46.284, 69.96, 2160, 100, 24
2026/04/04 00:33:46.393, 69.96, 2160, 100, 24
2026/04/04 00:33:46.503, 70.11, 2145, 100, 23
2026/04/04 00:33:46.612, 70.11, 2145, 100, 23
2026/04/04 00:33:46.723, 70.11, 2145, 100, 23
2026/04/04 00:33:46.832, 70.11, 2145, 100, 23
2026/04/04 00:33:46.941, 70.11, 2145, 100, 23
2026/04/04 00:33:47.050, 69.97, 2160, 100, 23
2026/04/04 00:33:47.161, 69.97, 2160, 100, 23
2026/04/04 00:33:47.270, 69.97, 2160, 100, 23
2026/04/04 00:33:47.379, 69.97, 2160, 100, 23
2026/04/04 00:33:47.492, 70.01, 2145, 100, 24
2026/04/04 00:33:47.599, 70.01, 2145, 100, 24
2026/04/04 00:33:47.709, 70.01, 2145, 100, 24
2026/04/04 00:33:47.819, 70.01, 2145, 100, 24
2026/04/04 00:33:47.928, 70.01, 2145, 100, 24
2026/04/04 00:33:48.035, 69.96, 2130, 100, 24
2026/04/04 00:33:48.143, 69.96, 2130, 100, 24
2026/04/04 00:33:48.253, 69.96, 2130, 100, 24
2026/04/04 00:33:48.361, 69.96, 2130, 100, 24
2026/04/04 00:33:48.471, 69.96, 2130, 100, 24
2026/04/04 00:33:48.580, 69.93, 2145, 100, 23
2026/04/04 00:33:48.689, 69.93, 2145, 100, 23
2026/04/04 00:33:48.798, 69.93, 2145, 100, 23
2026/04/04 00:33:48.907, 69.93, 2145, 100, 23
2026/04/04 00:33:49.015, 69.95, 2145, 100, 23
2026/04/04 00:33:49.122, 69.95, 2145, 100, 23
2026/04/04 00:33:49.230, 69.95, 2145, 100, 23
2026/04/04 00:33:49.340, 69.95, 2145, 100, 23
2026/04/04 00:33:49.451, 69.95, 2145, 100, 23
2026/04/04 00:33:49.562, 69.95, 2160, 100, 23
2026/04/04 00:33:49.671, 69.95, 2160, 100, 23
2026/04/04 00:33:49.780, 69.95, 2160, 100, 23
2026/04/04 00:33:49.889, 69.95, 2160, 100, 23
2026/04/04 00:33:49.999, 69.96, 2160, 100, 23
2026/04/04 00:33:50.108, 69.96, 2160, 100, 23
2026/04/04 00:33:50.218, 69.96, 2160, 100, 23
2026/04/04 00:33:50.327, 69.96, 2160, 100, 23
2026/04/04 00:33:50.437, 69.96, 2160, 100, 23
2026/04/04 00:33:50.545, 69.95, 2145, 100, 24
2026/04/04 00:33:50.652, 69.95, 2145, 100, 24
2026/04/04 00:33:50.763, 69.95, 2145, 100, 24
2026/04/04 00:33:50.873, 69.95, 2145, 100, 24
2026/04/04 00:33:50.983, 69.95, 2145, 100, 24
2026/04/04 00:33:51.091, 69.95, 2145, 100, 24
2026/04/04 00:33:51.200, 69.95, 2145, 100, 24
2026/04/04 00:33:51.310, 69.95, 2145, 100, 24
2026/04/04 00:33:51.418, 69.95, 2145, 100, 24
2026/04/04 00:33:51.527, 69.93, 2130, 100, 24
2026/04/04 00:33:51.637, 69.93, 2130, 100, 24
2026/04/04 00:33:51.746, 69.93, 2130, 100, 24
2026/04/04 00:33:51.857, 69.93, 2130, 100, 24
2026/04/04 00:33:51.964, 69.93, 2130, 100, 24
2026/04/04 00:33:52.073, 70.06, 2145, 100, 24
2026/04/04 00:33:52.183, 70.06, 2145, 100, 24
2026/04/04 00:33:52.293, 70.06, 2145, 100, 24
2026/04/04 00:33:52.401, 70.06, 2145, 100, 24
2026/04/04 00:33:52.511, 69.88, 2145, 100, 23
2026/04/04 00:33:52.621, 69.88, 2145, 100, 23
2026/04/04 00:33:52.731, 69.88, 2145, 100, 23
2026/04/04 00:33:52.840, 69.88, 2145, 100, 23
2026/04/04 00:33:52.948, 69.88, 2145, 100, 23
2026/04/04 00:33:53.058, 69.93, 2145, 100, 23
2026/04/04 00:33:53.167, 69.93, 2145, 100, 23
2026/04/04 00:33:53.276, 69.93, 2145, 100, 23
2026/04/04 00:33:53.385, 69.93, 2145, 100, 23
2026/04/04 00:33:53.492, 69.93, 2145, 100, 23
2026/04/04 00:33:53.602, 69.93, 2145, 100, 23
2026/04/04 00:33:53.713, 69.93, 2145, 100, 23
2026/04/04 00:33:53.823, 69.93, 2145, 100, 23
2026/04/04 00:33:53.931, 69.93, 2145, 100, 23
2026/04/04 00:33:54.042, 69.91, 2145, 100, 23
2026/04/04 00:33:54.150, 69.91, 2145, 100, 23
2026/04/04 00:33:54.258, 69.91, 2145, 100, 23
2026/04/04 00:33:54.367, 69.91, 2145, 100, 23
2026/04/04 00:33:54.475, 69.91, 2145, 100, 23
2026/04/04 00:33:54.584, 69.94, 2130, 100, 24
2026/04/04 00:33:54.694, 69.94, 2130, 100, 24
2026/04/04 00:33:54.805, 69.94, 2130, 100, 24
2026/04/04 00:33:54.914, 69.94, 2130, 100, 24
2026/04/04 00:33:55.025, 69.89, 2145, 100, 24
2026/04/04 00:33:55.134, 69.89, 2145, 100, 24
2026/04/04 00:33:55.244, 69.89, 2145, 100, 24
2026/04/04 00:33:55.355, 69.89, 2145, 100, 24
2026/04/04 00:33:55.467, 69.89, 2145, 100, 24
2026/04/04 00:33:55.574, 69.90, 2130, 100, 24
2026/04/04 00:33:55.686, 69.90, 2130, 100, 24
2026/04/04 00:33:55.796, 69.90, 2130, 100, 24
2026/04/04 00:33:55.906, 69.90, 2130, 100, 24
2026/04/04 00:33:56.017, 69.90, 2130, 100, 24
2026/04/04 00:33:56.127, 69.90, 2130, 100, 24
2026/04/04 00:33:56.235, 69.90, 2130, 100, 24
2026/04/04 00:33:56.346, 69.90, 2130, 100, 24
2026/04/04 00:33:56.457, 69.90, 2130, 100, 24
2026/04/04 00:33:56.567, 69.93, 2130, 100, 23
2026/04/04 00:33:56.678, 69.93, 2130, 100, 23
2026/04/04 00:33:56.789, 69.93, 2130, 100, 23
2026/04/04 00:33:56.900, 69.93, 2130, 100, 23
2026/04/04 00:33:57.009, 69.92, 2130, 100, 23
2026/04/04 00:33:57.120, 69.92, 2130, 100, 23
2026/04/04 00:33:57.231, 69.92, 2130, 100, 23
2026/04/04 00:33:57.340, 69.92, 2130, 100, 23
2026/04/04 00:33:57.451, 69.92, 2130, 100, 23
2026/04/04 00:33:57.562, 69.90, 2145, 100, 23
2026/04/04 00:33:57.672, 69.90, 2145, 100, 23
2026/04/04 00:33:57.781, 69.90, 2145, 100, 23
2026/04/04 00:33:57.892, 69.90, 2145, 100, 23
2026/04/04 00:33:58.002, 69.92, 2145, 100, 23
2026/04/04 00:33:58.113, 69.92, 2145, 100, 23
2026/04/04 00:33:58.223, 69.92, 2145, 100, 23
2026/04/04 00:33:58.333, 69.92, 2145, 100, 23
2026/04/04 00:33:58.444, 69.92, 2145, 100, 23
2026/04/04 00:33:58.555, 69.95, 2145, 100, 23
2026/04/04 00:33:58.664, 69.95, 2145, 100, 23
2026/04/04 00:33:58.775, 69.95, 2145, 100, 23
2026/04/04 00:33:58.884, 69.95, 2145, 100, 23
2026/04/04 00:33:58.994, 70.02, 2130, 100, 23
2026/04/04 00:33:59.103, 70.02, 2130, 100, 23
2026/04/04 00:33:59.215, 70.02, 2130, 100, 23
2026/04/04 00:33:59.325, 70.02, 2130, 100, 23
2026/04/04 00:33:59.436, 70.02, 2130, 100, 23
2026/04/04 00:33:59.545, 69.99, 2100, 100, 24
2026/04/04 00:33:59.656, 69.99, 2100, 100, 24
2026/04/04 00:33:59.766, 69.99, 2100, 100, 24
2026/04/04 00:33:59.876, 69.99, 2100, 100, 24
2026/04/04 00:33:59.985, 69.99, 2100, 100, 24
2026/04/04 00:34:00.096, 69.95, 2130, 100, 24
2026/04/04 00:34:00.207, 69.95, 2130, 100, 24
2026/04/04 00:34:00.316, 69.95, 2130, 100, 24
2026/04/04 00:34:00.425, 69.95, 2130, 100, 24
2026/04/04 00:34:00.536, 69.92, 2100, 100, 24
2026/04/04 00:34:00.646, 69.92, 2100, 100, 24
2026/04/04 00:34:00.757, 69.92, 2100, 100, 24
2026/04/04 00:34:00.867, 69.92, 2100, 100, 24
2026/04/04 00:34:00.977, 69.92, 2100, 100, 24
2026/04/04 00:34:01.086, 69.98, 2130, 100, 24
2026/04/04 00:34:01.196, 69.98, 2130, 100, 24
2026/04/04 00:34:01.307, 69.98, 2130, 100, 24
2026/04/04 00:34:01.418, 69.98, 2130, 100, 24
2026/04/04 00:34:01.529, 69.86, 2115, 100, 23
2026/04/04 00:34:01.638, 69.86, 2115, 100, 23
2026/04/04 00:34:01.748, 69.86, 2115, 100, 23
2026/04/04 00:34:01.860, 69.86, 2115, 100, 23
2026/04/04 00:34:01.970, 69.86, 2115, 100, 23
2026/04/04 00:34:02.081, 69.96, 2130, 100, 23
2026/04/04 00:34:02.193, 69.96, 2130, 100, 23
2026/04/04 00:34:02.304, 69.96, 2130, 100, 23
2026/04/04 00:34:02.414, 69.96, 2130, 100, 23
2026/04/04 00:34:02.525, 69.93, 2130, 100, 23
2026/04/04 00:34:02.636, 69.93, 2130, 100, 23
2026/04/04 00:34:02.747, 69.93, 2130, 100, 23
2026/04/04 00:34:02.858, 69.93, 2130, 100, 23
2026/04/04 00:34:02.969, 69.93, 2130, 100, 23
2026/04/04 00:34:03.081, 69.98, 2130, 100, 23
2026/04/04 00:34:03.191, 69.98, 2130, 100, 23
2026/04/04 00:34:03.302, 69.98, 2130, 100, 23
2026/04/04 00:34:03.413, 69.98, 2130, 100, 23
2026/04/04 00:34:03.522, 69.82, 2145, 100, 23
2026/04/04 00:34:03.633, 69.82, 2145, 100, 23
2026/04/04 00:34:03.743, 69.82, 2145, 100, 23
2026/04/04 00:34:03.852, 69.82, 2145, 100, 23
2026/04/04 00:34:03.964, 69.82, 2145, 100, 23
2026/04/04 00:34:04.073, 69.98, 2145, 100, 23
2026/04/04 00:34:04.184, 69.98, 2145, 100, 23
2026/04/04 00:34:04.294, 69.98, 2145, 100, 23
2026/04/04 00:34:04.405, 69.98, 2145, 100, 23
2026/04/04 00:34:04.514, 69.97, 2115, 100, 23
2026/04/04 00:34:04.625, 69.97, 2115, 100, 23
2026/04/04 00:34:04.736, 69.97, 2115, 100, 23
2026/04/04 00:34:04.847, 69.97, 2115, 100, 23
2026/04/04 00:34:04.956, 69.97, 2115, 100, 23
2026/04/04 00:34:05.065, 69.94, 2130, 100, 23
2026/04/04 00:34:05.176, 69.94, 2130, 100, 23
2026/04/04 00:34:05.286, 69.94, 2130, 100, 23
2026/04/04 00:34:05.396, 69.94, 2130, 100, 23
2026/04/04 00:34:05.507, 69.86, 2115, 100, 23
2026/04/04 00:34:05.618, 69.86, 2115, 100, 23
2026/04/04 00:34:05.728, 69.86, 2115, 100, 23
2026/04/04 00:34:05.839, 69.86, 2115, 100, 23
2026/04/04 00:34:05.949, 69.86, 2115, 100, 23
2026/04/04 00:34:06.061, 69.91, 2145, 100, 23
2026/04/04 00:34:06.171, 69.91, 2145, 100, 23
2026/04/04 00:34:06.280, 69.91, 2145, 100, 23
2026/04/04 00:34:06.391, 69.91, 2145, 100, 23
2026/04/04 00:34:06.501, 69.85, 2130, 100, 23
2026/04/04 00:34:06.611, 69.85, 2130, 100, 23
2026/04/04 00:34:06.719, 69.85, 2130, 100, 23
2026/04/04 00:34:06.831, 69.85, 2130, 100, 23
2026/04/04 00:34:06.941, 69.85, 2130, 100, 23
2026/04/04 00:34:07.052, 69.82, 2145, 100, 23
2026/04/04 00:34:07.163, 69.82, 2145, 100, 23
2026/04/04 00:34:07.272, 69.82, 2145, 100, 23
2026/04/04 00:34:07.382, 69.82, 2145, 100, 23
2026/04/04 00:34:07.493, 69.88, 2130, 100, 23
2026/04/04 00:34:07.603, 69.88, 2130, 100, 23
2026/04/04 00:34:07.714, 69.88, 2130, 100, 23
2026/04/04 00:34:07.825, 69.88, 2130, 100, 23
2026/04/04 00:34:07.934, 69.88, 2130, 100, 23
2026/04/04 00:34:08.044, 69.86, 2130, 100, 23
2026/04/04 00:34:08.156, 69.86, 2130, 100, 23
2026/04/04 00:34:08.266, 69.86, 2130, 100, 23
2026/04/04 00:34:08.375, 69.86, 2130, 100, 23
2026/04/04 00:34:08.487, 69.86, 2130, 100, 23
2026/04/04 00:34:08.598, 69.91, 2115, 100, 23
2026/04/04 00:34:08.708, 69.91, 2115, 100, 23
2026/04/04 00:34:08.819, 69.91, 2115, 100, 23
2026/04/04 00:34:08.929, 69.91, 2115, 100, 23
2026/04/04 00:34:09.037, 61.33, 2505, 100, 23
2026/04/04 00:34:09.146, 61.33, 2505, 100, 23
2026/04/04 00:34:09.256, 61.33, 2505, 100, 23
2026/04/04 00:34:09.365, 61.33, 2505, 100, 23
2026/04/04 00:34:09.473, 61.33, 2505, 100, 23
2026/04/04 00:34:09.583, 51.12, 2505, 94, 87
2026/04/04 00:34:09.694, 51.12, 2505, 94, 87
2026/04/04 00:34:09.803, 51.12, 2505, 94, 87
2026/04/04 00:34:09.912, 51.12, 2505, 94, 87
2026/04/04 00:34:10.021, 58.15, 2145, 94, 87
2026/04/04 00:34:10.132, 58.15, 2145, 94, 87
2026/04/04 00:34:10.240, 58.15, 2145, 94, 87
2026/04/04 00:34:10.348, 58.15, 2145, 94, 87
2026/04/04 00:34:10.458, 58.15, 2145, 94, 87
2026/04/04 00:34:10.568, 68.72, 2085, 100, 23
2026/04/04 00:34:10.677, 68.72, 2085, 100, 23
2026/04/04 00:34:10.789, 68.72, 2085, 100, 23
2026/04/04 00:34:10.897, 68.72, 2085, 100, 23
2026/04/04 00:34:11.006, 70.25, 2145, 100, 23
2026/04/04 00:34:11.115, 70.25, 2145, 100, 23
2026/04/04 00:34:11.223, 70.25, 2145, 100, 23
2026/04/04 00:34:11.333, 70.25, 2145, 100, 23
2026/04/04 00:34:11.443, 70.25, 2145, 100, 23
2026/04/04 00:34:11.550, 69.71, 2100, 100, 23
2026/04/04 00:34:11.658, 69.71, 2100, 100, 23
2026/04/04 00:34:11.768, 69.71, 2100, 100, 23
2026/04/04 00:34:11.877, 69.71, 2100, 100, 23
2026/04/04 00:34:11.986, 69.71, 2100, 100, 23
2026/04/04 00:34:12.095, 70.10, 2130, 100, 23
2026/04/04 00:34:12.203, 70.10, 2130, 100, 23
2026/04/04 00:34:12.314, 70.10, 2130, 100, 23
2026/04/04 00:34:12.423, 70.10, 2130, 100, 23
2026/04/04 00:34:12.532, 69.73, 2100, 100, 23
2026/04/04 00:34:12.641, 69.73, 2100, 100, 23
2026/04/04 00:34:12.751, 69.73, 2100, 100, 23
2026/04/04 00:34:12.861, 69.73, 2100, 100, 23
2026/04/04 00:34:12.971, 69.73, 2100, 100, 23
2026/04/04 00:34:13.080, 70.06, 2145, 100, 23
2026/04/04 00:34:13.188, 70.06, 2145, 100, 23
2026/04/04 00:34:13.298, 70.06, 2145, 100, 23
2026/04/04 00:34:13.409, 70.06, 2145, 100, 23
2026/04/04 00:34:13.517, 69.68, 2115, 100, 23
2026/04/04 00:34:13.626, 69.68, 2115, 100, 23
2026/04/04 00:34:13.736, 69.68, 2115, 100, 23
2026/04/04 00:34:13.846, 69.68, 2115, 100, 23
2026/04/04 00:34:13.955, 69.68, 2115, 100, 23
2026/04/04 00:34:14.065, 70.11, 2130, 100, 23
2026/04/04 00:34:14.174, 70.11, 2130, 100, 23
2026/04/04 00:34:14.284, 70.11, 2130, 100, 23
2026/04/04 00:34:14.393, 70.11, 2130, 100, 23
2026/04/04 00:34:14.502, 69.73, 2115, 100, 23
2026/04/04 00:34:14.610, 69.73, 2115, 100, 23
2026/04/04 00:34:14.719, 69.73, 2115, 100, 23
2026/04/04 00:34:14.830, 69.73, 2115, 100, 23
2026/04/04 00:34:14.939, 69.73, 2115, 100, 23
2026/04/04 00:34:15.048, 70.03, 2145, 100, 23
2026/04/04 00:34:15.157, 70.03, 2145, 100, 23
2026/04/04 00:34:15.266, 70.03, 2145, 100, 23
2026/04/04 00:34:15.374, 70.03, 2145, 100, 23
2026/04/04 00:34:15.485, 70.03, 2145, 100, 23
2026/04/04 00:34:15.593, 69.81, 2115, 100, 23
2026/04/04 00:34:15.702, 69.81, 2115, 100, 23
2026/04/04 00:34:15.811, 69.81, 2115, 100, 23
2026/04/04 00:34:15.920, 69.81, 2115, 100, 23
2026/04/04 00:34:16.029, 69.90, 2115, 100, 23
2026/04/04 00:34:16.139, 69.90, 2115, 100, 23
2026/04/04 00:34:16.249, 69.90, 2115, 100, 23
2026/04/04 00:34:16.359, 69.90, 2115, 100, 23
2026/04/04 00:34:16.468, 69.90, 2115, 100, 23
2026/04/04 00:34:16.576, 69.93, 2115, 100, 23
2026/04/04 00:34:16.685, 69.93, 2115, 100, 23
2026/04/04 00:34:16.796, 69.93, 2115, 100, 23
2026/04/04 00:34:16.903, 69.93, 2115, 100, 23
2026/04/04 00:34:17.012, 69.93, 2115, 100, 23
2026/04/04 00:34:17.121, 69.93, 2115, 100, 23
2026/04/04 00:34:17.230, 69.93, 2115, 100, 23
2026/04/04 00:34:17.339, 69.93, 2115, 100, 23
2026/04/04 00:34:17.449, 69.93, 2115, 100, 23
2026/04/04 00:34:17.559, 69.99, 2100, 100, 23
2026/04/04 00:34:17.669, 69.99, 2100, 100, 23
2026/04/04 00:34:17.779, 69.99, 2100, 100, 23
2026/04/04 00:34:17.889, 69.99, 2100, 100, 23
2026/04/04 00:34:17.997, 69.95, 2115, 100, 23
2026/04/04 00:34:18.106, 69.95, 2115, 100, 23
2026/04/04 00:34:18.213, 69.95, 2115, 100, 23
2026/04/04 00:34:18.322, 69.95, 2115, 100, 23
2026/04/04 00:34:18.431, 69.95, 2115, 100, 23
2026/04/04 00:34:18.539, 69.88, 2100, 100, 23
2026/04/04 00:34:18.650, 69.88, 2100, 100, 23
2026/04/04 00:34:18.760, 69.88, 2100, 100, 23
2026/04/04 00:34:18.871, 69.88, 2100, 100, 23
2026/04/04 00:34:18.980, 69.88, 2100, 100, 23
2026/04/04 00:34:19.090, 69.95, 2145, 100, 23
2026/04/04 00:34:19.199, 69.95, 2145, 100, 23
2026/04/04 00:34:19.307, 69.95, 2145, 100, 23
2026/04/04 00:34:19.417, 69.95, 2145, 100, 23
2026/04/04 00:34:19.528, 69.82, 2100, 100, 23
2026/04/04 00:34:19.636, 69.82, 2100, 100, 23
2026/04/04 00:34:19.745, 69.82, 2100, 100, 23
2026/04/04 00:34:19.854, 69.82, 2100, 100, 23
2026/04/04 00:34:19.964, 69.82, 2100, 100, 23
2026/04/04 00:34:20.072, 69.97, 2130, 100, 23
2026/04/04 00:34:20.181, 69.97, 2130, 100, 23
2026/04/04 00:34:20.291, 69.97, 2130, 100, 23
2026/04/04 00:34:20.401, 69.97, 2130, 100, 23
2026/04/04 00:34:20.511, 69.79, 2115, 100, 23
2026/04/04 00:34:20.617, 69.79, 2115, 100, 23
2026/04/04 00:34:20.726, 69.79, 2115, 100, 23
2026/04/04 00:34:20.836, 69.79, 2115, 100, 23
2026/04/04 00:34:20.946, 69.79, 2115, 100, 23
2026/04/04 00:34:21.057, 69.94, 2100, 100, 23
2026/04/04 00:34:21.165, 69.94, 2100, 100, 23
2026/04/04 00:34:21.274, 69.94, 2100, 100, 23
2026/04/04 00:34:21.383, 69.94, 2100, 100, 23
2026/04/04 00:34:21.494, 70.02, 2100, 100, 23
2026/04/04 00:34:21.602, 70.02, 2100, 100, 23
2026/04/04 00:34:21.713, 70.02, 2100, 100, 23
2026/04/04 00:34:21.822, 70.02, 2100, 100, 23
2026/04/04 00:34:21.933, 70.02, 2100, 100, 23
2026/04/04 00:34:22.042, 70.00, 2115, 100, 23
2026/04/04 00:34:22.150, 70.00, 2115, 100, 23
2026/04/04 00:34:22.260, 70.00, 2115, 100, 23
2026/04/04 00:34:22.370, 70.00, 2115, 100, 23
2026/04/04 00:34:22.478, 70.00, 2115, 100, 23
2026/04/04 00:34:22.586, 70.00, 2100, 100, 23
2026/04/04 00:34:22.696, 70.00, 2100, 100, 23
2026/04/04 00:34:22.806, 70.00, 2100, 100, 23
2026/04/04 00:34:22.914, 70.00, 2100, 100, 23
2026/04/04 00:34:23.024, 69.87, 2115, 100, 23
2026/04/04 00:34:23.133, 69.87, 2115, 100, 23
2026/04/04 00:34:23.242, 69.87, 2115, 100, 23
2026/04/04 00:34:23.350, 69.87, 2115, 100, 23
2026/04/04 00:34:23.460, 69.87, 2115, 100, 23
2026/04/04 00:34:23.570, 70.00, 2115, 100, 23
2026/04/04 00:34:23.679, 70.00, 2115, 100, 23
2026/04/04 00:34:23.790, 70.00, 2115, 100, 23
2026/04/04 00:34:23.898, 70.00, 2115, 100, 23
2026/04/04 00:34:24.008, 69.86, 2100, 100, 23
2026/04/04 00:34:24.118, 69.86, 2100, 100, 23
2026/04/04 00:34:24.228, 69.86, 2100, 100, 23
2026/04/04 00:34:24.338, 69.86, 2100, 100, 23
2026/04/04 00:34:24.447, 69.86, 2100, 100, 23
2026/04/04 00:34:24.557, 69.90, 2115, 100, 23
2026/04/04 00:34:24.667, 69.90, 2115, 100, 23
2026/04/04 00:34:24.778, 69.90, 2115, 100, 23
2026/04/04 00:34:24.888, 69.90, 2115, 100, 23
2026/04/04 00:34:24.999, 69.89, 2100, 100, 23
2026/04/04 00:34:25.109, 69.89, 2100, 100, 23
2026/04/04 00:34:25.219, 69.89, 2100, 100, 23
2026/04/04 00:34:25.328, 69.89, 2100, 100, 23
2026/04/04 00:34:25.437, 69.89, 2100, 100, 23
2026/04/04 00:34:25.548, 69.94, 2100, 100, 23
2026/04/04 00:34:25.658, 69.94, 2100, 100, 23
2026/04/04 00:34:25.768, 69.94, 2100, 100, 23
2026/04/04 00:34:25.879, 69.94, 2100, 100, 23
2026/04/04 00:34:25.989, 69.94, 2100, 100, 23
2026/04/04 00:34:26.099, 69.88, 2100, 100, 23
2026/04/04 00:34:26.211, 69.88, 2100, 100, 23
2026/04/04 00:34:26.320, 69.88, 2100, 100, 23
2026/04/04 00:34:26.431, 69.88, 2100, 100, 23
2026/04/04 00:34:26.541, 69.95, 2100, 100, 24
2026/04/04 00:34:26.651, 69.95, 2100, 100, 24
2026/04/04 00:34:26.762, 69.95, 2100, 100, 24
2026/04/04 00:34:26.872, 69.95, 2100, 100, 24
2026/04/04 00:34:26.981, 69.95, 2100, 100, 24
2026/04/04 00:34:27.090, 69.90, 2100, 100, 24
2026/04/04 00:34:27.202, 69.90, 2100, 100, 24
2026/04/04 00:34:27.312, 69.90, 2100, 100, 24
2026/04/04 00:34:27.422, 69.90, 2100, 100, 24
2026/04/04 00:34:27.532, 70.03, 2115, 100, 23
2026/04/04 00:34:27.643, 70.03, 2115, 100, 23
2026/04/04 00:34:27.754, 70.03, 2115, 100, 23
2026/04/04 00:34:27.864, 70.03, 2115, 100, 23
2026/04/04 00:34:27.975, 70.03, 2115, 100, 23
2026/04/04 00:34:28.086, 69.91, 2100, 100, 23
2026/04/04 00:34:28.195, 69.91, 2100, 100, 23
2026/04/04 00:34:28.306, 69.91, 2100, 100, 23
2026/04/04 00:34:28.416, 69.91, 2100, 100, 23
2026/04/04 00:34:28.525, 69.96, 2100, 100, 23
2026/04/04 00:34:28.636, 69.96, 2100, 100, 23
2026/04/04 00:34:28.746, 69.96, 2100, 100, 23
2026/04/04 00:34:28.857, 69.96, 2100, 100, 23
2026/04/04 00:34:28.966, 69.96, 2100, 100, 23
2026/04/04 00:34:29.076, 69.83, 2115, 100, 23
2026/04/04 00:34:29.187, 69.83, 2115, 100, 23
2026/04/04 00:34:29.298, 69.83, 2115, 100, 23
2026/04/04 00:34:29.409, 69.83, 2115, 100, 23
2026/04/04 00:34:29.520, 70.04, 2115, 100, 23
2026/04/04 00:34:29.631, 70.04, 2115, 100, 23
2026/04/04 00:34:29.742, 70.04, 2115, 100, 23
2026/04/04 00:34:29.852, 70.04, 2115, 100, 23
2026/04/04 00:34:29.962, 70.04, 2115, 100, 23
2026/04/04 00:34:30.073, 69.92, 2085, 100, 23
2026/04/04 00:34:30.184, 69.92, 2085, 100, 23
2026/04/04 00:34:30.295, 69.92, 2085, 100, 23
2026/04/04 00:34:30.406, 69.92, 2085, 100, 23
2026/04/04 00:34:30.517, 70.03, 2115, 100, 23
2026/04/04 00:34:30.627, 70.03, 2115, 100, 23
2026/04/04 00:34:30.739, 70.03, 2115, 100, 23
2026/04/04 00:34:30.848, 70.03, 2115, 100, 23
2026/04/04 00:34:30.960, 70.03, 2115, 100, 23
2026/04/04 00:34:31.069, 69.89, 2085, 100, 23
2026/04/04 00:34:31.180, 69.89, 2085, 100, 23
2026/04/04 00:34:31.291, 69.89, 2085, 100, 23
2026/04/04 00:34:31.401, 69.89, 2085, 100, 23
2026/04/04 00:34:31.513, 70.00, 2115, 100, 23
2026/04/04 00:34:31.622, 70.00, 2115, 100, 23
2026/04/04 00:34:31.733, 70.00, 2115, 100, 23
2026/04/04 00:34:31.844, 70.00, 2115, 100, 23
2026/04/04 00:34:31.955, 70.00, 2115, 100, 23
2026/04/04 00:34:32.065, 69.89, 2085, 100, 23
2026/04/04 00:34:32.176, 69.89, 2085, 100, 23
2026/04/04 00:34:32.286, 69.89, 2085, 100, 23
2026/04/04 00:34:32.398, 69.89, 2085, 100, 23
2026/04/04 00:34:32.508, 70.01, 2100, 100, 23
2026/04/04 00:34:32.620, 70.01, 2100, 100, 23
2026/04/04 00:34:32.731, 70.01, 2100, 100, 23
2026/04/04 00:34:32.842, 70.01, 2100, 100, 23
2026/04/04 00:34:32.952, 70.01, 2100, 100, 23
2026/04/04 00:34:33.062, 69.89, 2100, 100, 23
2026/04/04 00:34:33.172, 69.89, 2100, 100, 23
2026/04/04 00:34:33.282, 69.89, 2100, 100, 23
2026/04/04 00:34:33.391, 69.89, 2100, 100, 23
2026/04/04 00:34:33.502, 69.88, 2100, 100, 23
2026/04/04 00:34:33.613, 69.88, 2100, 100, 23
2026/04/04 00:34:33.722, 69.88, 2100, 100, 23
2026/04/04 00:34:33.833, 69.88, 2100, 100, 23
2026/04/04 00:34:33.941, 69.88, 2100, 100, 23
2026/04/04 00:34:34.051, 69.90, 2100, 100, 23
2026/04/04 00:34:34.162, 69.90, 2100, 100, 23
2026/04/04 00:34:34.271, 69.90, 2100, 100, 23
2026/04/04 00:34:34.381, 69.90, 2100, 100, 23
2026/04/04 00:34:34.491, 69.90, 2100, 100, 23
2026/04/04 00:34:34.603, 69.96, 2085, 100, 23
2026/04/04 00:34:34.712, 69.96, 2085, 100, 23
2026/04/04 00:34:34.821, 69.96, 2085, 100, 23
2026/04/04 00:34:34.932, 69.96, 2085, 100, 23
2026/04/04 00:34:35.042, 69.90, 2100, 100, 23
2026/04/04 00:34:35.151, 69.90, 2100, 100, 23
2026/04/04 00:34:35.262, 69.90, 2100, 100, 23
2026/04/04 00:34:35.372, 69.90, 2100, 100, 23
2026/04/04 00:34:35.483, 69.90, 2100, 100, 23
2026/04/04 00:34:35.594, 69.90, 2100, 100, 23
2026/04/04 00:34:35.703, 69.90, 2100, 100, 23
2026/04/04 00:34:35.813, 69.90, 2100, 100, 23
2026/04/04 00:34:35.923, 69.90, 2100, 100, 23
2026/04/04 00:34:36.033, 69.82, 2100, 100, 23
2026/04/04 00:34:36.142, 69.82, 2100, 100, 23
2026/04/04 00:34:36.253, 69.82, 2100, 100, 23
2026/04/04 00:34:36.362, 69.82, 2100, 100, 23
2026/04/04 00:34:36.472, 69.82, 2100, 100, 23
2026/04/04 00:34:36.583, 69.86, 2100, 100, 23
2026/04/04 00:34:36.707, 69.86, 2100, 100, 23
2026/04/04 00:34:36.818, 69.86, 2100, 100, 23
2026/04/04 00:34:36.927, 69.86, 2100, 100, 23
2026/04/04 00:34:37.036, 69.92, 2100, 100, 23
2026/04/04 00:34:37.146, 69.92, 2100, 100, 23
2026/04/04 00:34:37.256, 69.92, 2100, 100, 23
2026/04/04 00:34:37.365, 69.92, 2100, 100, 23
2026/04/04 00:34:37.476, 69.92, 2100, 100, 23
2026/04/04 00:34:37.587, 69.87, 2100, 100, 22
2026/04/04 00:34:37.696, 69.87, 2100, 100, 22
2026/04/04 00:34:37.807, 69.87, 2100, 100, 22
2026/04/04 00:34:37.916, 69.87, 2100, 100, 22
2026/04/04 00:34:38.028, 69.90, 2100, 100, 22
2026/04/04 00:34:38.138, 69.90, 2100, 100, 22
2026/04/04 00:34:38.247, 69.90, 2100, 100, 22
2026/04/04 00:34:38.356, 69.90, 2100, 100, 22
2026/04/04 00:34:38.469, 69.90, 2100, 100, 22
2026/04/04 00:34:38.576, 69.92, 2085, 100, 23
2026/04/04 00:34:38.686, 69.92, 2085, 100, 23
2026/04/04 00:34:38.795, 69.92, 2085, 100, 23
2026/04/04 00:34:38.906, 69.92, 2085, 100, 23
2026/04/04 00:34:39.016, 67.29, 2490, 100, 23
2026/04/04 00:34:39.125, 67.29, 2490, 100, 23
2026/04/04 00:34:39.233, 67.29, 2490, 100, 23
2026/04/04 00:34:39.342, 67.29, 2490, 100, 23
2026/04/04 00:34:39.450, 67.29, 2490, 100, 23
2026/04/04 00:34:39.559, 57.55, 2490, 93, 86
2026/04/04 00:34:39.668, 57.55, 2490, 93, 86
2026/04/04 00:34:39.779, 57.55, 2490, 93, 86
2026/04/04 00:34:39.887, 57.55, 2490, 93, 86
2026/04/04 00:34:39.997, 57.46, 2115, 93, 86
2026/04/04 00:34:40.108, 57.46, 2115, 93, 86
2026/04/04 00:34:40.217, 57.46, 2115, 93, 86
2026/04/04 00:34:40.325, 57.46, 2115, 93, 86
2026/04/04 00:34:40.434, 57.46, 2115, 93, 86
2026/04/04 00:34:40.542, 68.61, 2055, 100, 22
2026/04/04 00:34:40.652, 68.61, 2055, 100, 22
2026/04/04 00:34:40.762, 68.61, 2055, 100, 22
2026/04/04 00:34:40.871, 68.61, 2055, 100, 22
2026/04/04 00:34:40.980, 68.61, 2055, 100, 22
2026/04/04 00:34:41.090, 70.12, 2115, 100, 22
2026/04/04 00:34:41.199, 70.12, 2115, 100, 22
2026/04/04 00:34:41.310, 70.12, 2115, 100, 22
2026/04/04 00:34:41.420, 70.12, 2115, 100, 22
2026/04/04 00:34:41.529, 69.78, 2085, 100, 23
2026/04/04 00:34:41.639, 69.78, 2085, 100, 23
2026/04/04 00:34:41.749, 69.78, 2085, 100, 23
2026/04/04 00:34:41.859, 69.78, 2085, 100, 23
2026/04/04 00:34:41.968, 69.78, 2085, 100, 23
2026/04/04 00:34:42.078, 70.16, 2115, 100, 23
2026/04/04 00:34:42.186, 70.16, 2115, 100, 23
2026/04/04 00:34:42.297, 70.16, 2115, 100, 23
2026/04/04 00:34:42.408, 70.16, 2115, 100, 23
2026/04/04 00:34:42.518, 69.65, 2085, 100, 22
2026/04/04 00:34:42.628, 69.65, 2085, 100, 22
2026/04/04 00:34:42.739, 69.65, 2085, 100, 22
2026/04/04 00:34:42.849, 69.65, 2085, 100, 22
2026/04/04 00:34:42.960, 69.65, 2085, 100, 22
2026/04/04 00:34:43.071, 70.02, 2115, 100, 22
2026/04/04 00:34:43.181, 70.02, 2115, 100, 22
2026/04/04 00:34:43.289, 70.02, 2115, 100, 22
2026/04/04 00:34:43.399, 70.02, 2115, 100, 22
2026/04/04 00:34:43.509, 69.87, 2085, 100, 22
2026/04/04 00:34:43.618, 69.87, 2085, 100, 22
2026/04/04 00:34:43.728, 69.87, 2085, 100, 22
2026/04/04 00:34:43.837, 69.87, 2085, 100, 22
2026/04/04 00:34:43.946, 69.87, 2085, 100, 22
2026/04/04 00:34:44.055, 69.96, 2100, 100, 22
2026/04/04 00:34:44.163, 69.96, 2100, 100, 22
2026/04/04 00:34:44.272, 69.96, 2100, 100, 22
2026/04/04 00:34:44.383, 69.96, 2100, 100, 22
2026/04/04 00:34:44.492, 69.96, 2100, 100, 22
2026/04/04 00:34:44.601, 69.93, 2085, 100, 23
2026/04/04 00:34:44.710, 69.93, 2085, 100, 23
2026/04/04 00:34:44.820, 69.93, 2085, 100, 23
2026/04/04 00:34:44.929, 69.93, 2085, 100, 23
2026/04/04 00:34:45.038, 69.95, 2100, 100, 23
2026/04/04 00:34:45.147, 69.95, 2100, 100, 23
2026/04/04 00:34:45.256, 69.95, 2100, 100, 23
2026/04/04 00:34:45.365, 69.95, 2100, 100, 23
2026/04/04 00:34:45.474, 69.95, 2100, 100, 23
2026/04/04 00:34:45.583, 69.88, 2085, 100, 23
2026/04/04 00:34:45.694, 69.88, 2085, 100, 23
2026/04/04 00:34:45.802, 69.88, 2085, 100, 23
2026/04/04 00:34:45.910, 69.88, 2085, 100, 23
2026/04/04 00:34:46.020, 70.02, 2115, 100, 23
2026/04/04 00:34:46.130, 70.02, 2115, 100, 23
2026/04/04 00:34:46.240, 70.02, 2115, 100, 23
2026/04/04 00:34:46.349, 70.02, 2115, 100, 23
2026/04/04 00:34:46.460, 70.02, 2115, 100, 23
2026/04/04 00:34:46.568, 69.81, 2070, 100, 22
2026/04/04 00:34:46.678, 69.81, 2070, 100, 22
2026/04/04 00:34:46.788, 69.81, 2070, 100, 22
2026/04/04 00:34:46.897, 69.81, 2070, 100, 22
2026/04/04 00:34:47.006, 70.02, 2085, 100, 22
2026/04/04 00:34:47.115, 70.02, 2085, 100, 22
2026/04/04 00:34:47.225, 70.02, 2085, 100, 22
2026/04/04 00:34:47.334, 70.02, 2085, 100, 22
2026/04/04 00:34:47.442, 70.02, 2085, 100, 22
2026/04/04 00:34:47.550, 69.86, 2100, 100, 22
2026/04/04 00:34:47.659, 69.86, 2100, 100, 22
2026/04/04 00:34:47.768, 69.86, 2100, 100, 22
2026/04/04 00:34:47.878, 69.86, 2100, 100, 22
2026/04/04 00:34:47.987, 69.86, 2100, 100, 22
2026/04/04 00:34:48.096, 69.96, 2100, 100, 22
2026/04/04 00:34:48.207, 69.96, 2100, 100, 22
2026/04/04 00:34:48.316, 69.96, 2100, 100, 22
2026/04/04 00:34:48.425, 69.96, 2100, 100, 22
2026/04/04 00:34:48.534, 69.84, 2085, 100, 23
2026/04/04 00:34:48.645, 69.84, 2085, 100, 23
2026/04/04 00:34:48.754, 69.84, 2085, 100, 23
2026/04/04 00:34:48.862, 69.84, 2085, 100, 23
2026/04/04 00:34:48.971, 69.84, 2085, 100, 23
2026/04/04 00:34:49.080, 69.98, 2100, 100, 23
2026/04/04 00:34:49.192, 69.98, 2100, 100, 23
2026/04/04 00:34:49.300, 69.98, 2100, 100, 23
2026/04/04 00:34:49.408, 69.98, 2100, 100, 23
2026/04/04 00:34:49.518, 69.87, 2070, 100, 22
2026/04/04 00:34:49.629, 69.87, 2070, 100, 22
2026/04/04 00:34:49.739, 69.87, 2070, 100, 22
2026/04/04 00:34:49.849, 69.87, 2070, 100, 22
2026/04/04 00:34:49.959, 69.87, 2070, 100, 22
2026/04/04 00:34:50.068, 69.94, 2100, 100, 22
2026/04/04 00:34:50.178, 69.94, 2100, 100, 22
2026/04/04 00:34:50.286, 69.94, 2100, 100, 22
2026/04/04 00:34:50.396, 69.94, 2100, 100, 22
2026/04/04 00:34:50.506, 69.87, 2100, 100, 22
2026/04/04 00:34:50.615, 69.87, 2100, 100, 22
2026/04/04 00:34:50.725, 69.87, 2100, 100, 22
2026/04/04 00:34:50.837, 69.87, 2100, 100, 22
2026/04/04 00:34:50.946, 69.87, 2100, 100, 22
2026/04/04 00:34:51.056, 70.01, 2070, 100, 22
2026/04/04 00:34:51.167, 70.01, 2070, 100, 22
2026/04/04 00:34:51.276, 70.01, 2070, 100, 22
2026/04/04 00:34:51.385, 70.01, 2070, 100, 22
2026/04/04 00:34:51.496, 70.01, 2070, 100, 22
2026/04/04 00:34:51.605, 69.89, 2100, 100, 23
2026/04/04 00:34:51.711, 69.89, 2100, 100, 23
2026/04/04 00:34:51.822, 69.89, 2100, 100, 23
2026/04/04 00:34:51.931, 69.89, 2100, 100, 23
2026/04/04 00:34:52.041, 69.96, 2100, 100, 23
2026/04/04 00:34:52.150, 69.96, 2100, 100, 23
2026/04/04 00:34:52.259, 69.96, 2100, 100, 23
2026/04/04 00:34:52.368, 69.96, 2100, 100, 23
2026/04/04 00:34:52.477, 69.96, 2100, 100, 23
2026/04/04 00:34:52.586, 69.99, 2070, 100, 22
2026/04/04 00:34:52.696, 69.99, 2070, 100, 22
2026/04/04 00:34:52.806, 69.99, 2070, 100, 22
2026/04/04 00:34:52.914, 69.99, 2070, 100, 22
2026/04/04 00:34:53.023, 69.92, 2100, 100, 22
2026/04/04 00:34:53.132, 69.92, 2100, 100, 22
2026/04/04 00:34:53.242, 69.92, 2100, 100, 22
2026/04/04 00:34:53.351, 69.92, 2100, 100, 22
2026/04/04 00:34:53.460, 69.92, 2100, 100, 22
2026/04/04 00:34:53.570, 69.97, 2100, 100, 22
2026/04/04 00:34:53.679, 69.97, 2100, 100, 22
2026/04/04 00:34:53.789, 69.97, 2100, 100, 22
2026/04/04 00:34:53.899, 69.97, 2100, 100, 22
2026/04/04 00:34:54.006, 69.97, 2085, 100, 22
2026/04/04 00:34:54.116, 69.97, 2085, 100, 22
2026/04/04 00:34:54.225, 69.97, 2085, 100, 22
2026/04/04 00:34:54.334, 69.97, 2085, 100, 22
2026/04/04 00:34:54.443, 69.97, 2085, 100, 22
2026/04/04 00:34:54.552, 69.94, 2100, 100, 23
2026/04/04 00:34:54.662, 69.94, 2100, 100, 23
2026/04/04 00:34:54.772, 69.94, 2100, 100, 23
2026/04/04 00:34:54.882, 69.94, 2100, 100, 23
2026/04/04 00:34:54.992, 69.94, 2100, 100, 23
2026/04/04 00:34:55.103, 69.97, 2100, 100, 23
2026/04/04 00:34:55.213, 69.97, 2100, 100, 23
2026/04/04 00:34:55.322, 69.97, 2100, 100, 23
2026/04/04 00:34:55.432, 69.97, 2100, 100, 23
2026/04/04 00:34:55.542, 69.92, 2085, 100, 22
2026/04/04 00:34:55.653, 69.92, 2085, 100, 22
2026/04/04 00:34:55.764, 69.92, 2085, 100, 22
2026/04/04 00:34:55.875, 69.92, 2085, 100, 22
2026/04/04 00:34:55.986, 69.92, 2085, 100, 22
2026/04/04 00:34:56.097, 69.99, 2100, 100, 22
2026/04/04 00:34:56.208, 69.99, 2100, 100, 22
2026/04/04 00:34:56.319, 69.99, 2100, 100, 22
2026/04/04 00:34:56.429, 69.99, 2100, 100, 22
2026/04/04 00:34:56.540, 70.00, 2085, 100, 22
2026/04/04 00:34:56.648, 70.00, 2085, 100, 22
2026/04/04 00:34:56.759, 70.00, 2085, 100, 22
2026/04/04 00:34:56.869, 70.00, 2085, 100, 22
2026/04/04 00:34:56.980, 70.00, 2085, 100, 22
2026/04/04 00:34:57.091, 69.97, 2085, 100, 22
2026/04/04 00:34:57.202, 69.97, 2085, 100, 22
2026/04/04 00:34:57.314, 69.97, 2085, 100, 22
2026/04/04 00:34:57.425, 69.97, 2085, 100, 22
2026/04/04 00:34:57.536, 69.99, 2100, 100, 23
2026/04/04 00:34:57.646, 69.99, 2100, 100, 23
2026/04/04 00:34:57.756, 69.99, 2100, 100, 23
2026/04/04 00:34:57.867, 69.99, 2100, 100, 23
2026/04/04 00:34:57.978, 69.99, 2100, 100, 23
2026/04/04 00:34:58.087, 69.97, 2100, 100, 23
2026/04/04 00:34:58.199, 69.97, 2100, 100, 23
2026/04/04 00:34:58.307, 69.97, 2100, 100, 23
2026/04/04 00:34:58.417, 69.97, 2100, 100, 23
2026/04/04 00:34:58.528, 70.02, 2070, 100, 22
2026/04/04 00:34:58.637, 70.02, 2070, 100, 22
2026/04/04 00:34:58.748, 70.02, 2070, 100, 22
2026/04/04 00:34:58.859, 70.02, 2070, 100, 22
2026/04/04 00:34:58.968, 70.02, 2070, 100, 22
2026/04/04 00:34:59.078, 70.00, 2070, 100, 22
2026/04/04 00:34:59.187, 70.00, 2070, 100, 22
2026/04/04 00:34:59.298, 70.00, 2070, 100, 22
2026/04/04 00:34:59.408, 70.00, 2070, 100, 22
2026/04/04 00:34:59.518, 69.90, 2085, 100, 23
2026/04/04 00:34:59.629, 69.90, 2085, 100, 23
2026/04/04 00:34:59.741, 69.90, 2085, 100, 23
2026/04/04 00:34:59.851, 69.90, 2085, 100, 23
2026/04/04 00:34:59.963, 69.90, 2085, 100, 23
2026/04/04 00:35:00.074, 69.91, 2070, 100, 23
2026/04/04 00:35:00.184, 69.91, 2070, 100, 23
2026/04/04 00:35:00.295, 69.91, 2070, 100, 23
2026/04/04 00:35:00.406, 69.91, 2070, 100, 23
2026/04/04 00:35:00.516, 69.88, 2085, 100, 22
2026/04/04 00:35:00.627, 69.88, 2085, 100, 22
2026/04/04 00:35:00.737, 69.88, 2085, 100, 22
2026/04/04 00:35:00.849, 69.88, 2085, 100, 22
2026/04/04 00:35:00.960, 69.88, 2085, 100, 22
2026/04/04 00:35:01.068, 69.90, 2100, 100, 22
2026/04/04 00:35:01.178, 69.90, 2100, 100, 22
2026/04/04 00:35:01.288, 69.90, 2100, 100, 22
2026/04/04 00:35:01.399, 69.90, 2100, 100, 22
2026/04/04 00:35:01.510, 70.00, 2070, 100, 22
2026/04/04 00:35:01.619, 70.00, 2070, 100, 22
2026/04/04 00:35:01.729, 70.00, 2070, 100, 22
2026/04/04 00:35:01.840, 70.00, 2070, 100, 22
2026/04/04 00:35:01.951, 70.00, 2070, 100, 22
2026/04/04 00:35:02.062, 69.92, 2085, 100, 22
2026/04/04 00:35:02.171, 69.92, 2085, 100, 22
2026/04/04 00:35:02.281, 69.92, 2085, 100, 22
2026/04/04 00:35:02.392, 69.92, 2085, 100, 22
2026/04/04 00:35:02.503, 69.91, 2070, 100, 23
2026/04/04 00:35:02.614, 69.91, 2070, 100, 23
2026/04/04 00:35:02.723, 69.91, 2070, 100, 23
2026/04/04 00:35:02.834, 69.91, 2070, 100, 23
2026/04/04 00:35:02.944, 69.91, 2070, 100, 23
2026/04/04 00:35:03.053, 70.02, 2085, 100, 23
2026/04/04 00:35:03.163, 70.02, 2085, 100, 23
2026/04/04 00:35:03.273, 70.02, 2085, 100, 23
2026/04/04 00:35:03.383, 70.02, 2085, 100, 23
2026/04/04 00:35:03.493, 70.02, 2085, 100, 23
2026/04/04 00:35:03.605, 69.88, 2085, 100, 22
2026/04/04 00:35:03.714, 69.88, 2085, 100, 22
2026/04/04 00:35:03.823, 69.88, 2085, 100, 22
2026/04/04 00:35:03.933, 69.88, 2085, 100, 22
2026/04/04 00:35:04.045, 69.98, 2070, 100, 22
2026/04/04 00:35:04.154, 69.98, 2070, 100, 22
2026/04/04 00:35:04.265, 69.98, 2070, 100, 22
2026/04/04 00:35:04.375, 69.98, 2070, 100, 22
2026/04/04 00:35:04.486, 69.98, 2070, 100, 22
2026/04/04 00:35:04.598, 69.94, 2085, 100, 22
2026/04/04 00:35:04.708, 69.94, 2085, 100, 22
2026/04/04 00:35:04.818, 69.94, 2085, 100, 22
2026/04/04 00:35:04.928, 69.94, 2085, 100, 22
2026/04/04 00:35:05.038, 69.93, 2085, 100, 22
2026/04/04 00:35:05.148, 69.93, 2085, 100, 22
2026/04/04 00:35:05.259, 69.93, 2085, 100, 22
2026/04/04 00:35:05.370, 69.93, 2085, 100, 22
2026/04/04 00:35:05.481, 69.93, 2085, 100, 22
2026/04/04 00:35:05.592, 69.92, 2070, 100, 23
2026/04/04 00:35:05.703, 69.92, 2070, 100, 23
2026/04/04 00:35:05.813, 69.92, 2070, 100, 23
2026/04/04 00:35:05.924, 69.92, 2070, 100, 23
2026/04/04 00:35:06.036, 69.92, 2085, 100, 23
2026/04/04 00:35:06.147, 69.92, 2085, 100, 23
2026/04/04 00:35:06.258, 69.92, 2085, 100, 23
2026/04/04 00:35:06.368, 69.92, 2085, 100, 23
2026/04/04 00:35:06.480, 69.92, 2085, 100, 23
2026/04/04 00:35:06.590, 69.98, 2055, 100, 22
2026/04/04 00:35:06.701, 69.98, 2055, 100, 22
2026/04/04 00:35:06.810, 69.98, 2055, 100, 22
2026/04/04 00:35:06.922, 69.98, 2055, 100, 22
2026/04/04 00:35:07.032, 69.92, 2100, 100, 22
2026/04/04 00:35:07.143, 69.92, 2100, 100, 22
2026/04/04 00:35:07.254, 69.92, 2100, 100, 22
2026/04/04 00:35:07.362, 69.92, 2100, 100, 22
2026/04/04 00:35:07.473, 69.92, 2100, 100, 22
2026/04/04 00:35:07.583, 69.93, 2085, 100, 23
2026/04/04 00:35:07.694, 69.93, 2085, 100, 23
2026/04/04 00:35:07.805, 69.93, 2085, 100, 23
2026/04/04 00:35:07.916, 69.93, 2085, 100, 23
2026/04/04 00:35:08.025, 70.06, 2070, 100, 23
2026/04/04 00:35:08.136, 70.06, 2070, 100, 23
2026/04/04 00:35:08.245, 70.06, 2070, 100, 23
2026/04/04 00:35:08.355, 70.06, 2070, 100, 23
2026/04/04 00:35:08.466, 70.06, 2070, 100, 23
2026/04/04 00:35:08.577, 69.90, 2070, 100, 22
2026/04/04 00:35:08.686, 69.90, 2070, 100, 22
2026/04/04 00:35:08.797, 69.90, 2070, 100, 22
2026/04/04 00:35:08.906, 69.90, 2070, 100, 22
2026/04/04 00:35:09.013, 69.96, 2355, 100, 22
2026/04/04 00:35:09.123, 69.96, 2355, 100, 22
2026/04/04 00:35:09.231, 69.96, 2355, 100, 22
2026/04/04 00:35:09.341, 69.96, 2355, 100, 22
2026/04/04 00:35:09.451, 69.96, 2355, 100, 22
2026/04/04 00:35:09.559, 60.43, 2490, 93, 86
2026/04/04 00:35:09.669, 60.43, 2490, 93, 86
2026/04/04 00:35:09.778, 60.43, 2490, 93, 86
2026/04/04 00:35:09.887, 60.43, 2490, 93, 86
2026/04/04 00:35:09.997, 60.43, 2490, 93, 86
2026/04/04 00:35:10.106, 61.57, 1965, 93, 86
2026/04/04 00:35:10.217, 61.57, 1965, 93, 86
2026/04/04 00:35:10.326, 61.57, 1965, 93, 86
2026/04/04 00:35:10.433, 61.57, 1965, 93, 86
2026/04/04 00:35:10.542, 68.89, 2040, 100, 22
2026/04/04 00:35:10.652, 68.89, 2040, 100, 22
2026/04/04 00:35:10.761, 68.89, 2040, 100, 22
2026/04/04 00:35:10.870, 68.89, 2040, 100, 22
2026/04/04 00:35:10.980, 68.89, 2040, 100, 22
2026/04/04 00:35:11.090, 69.82, 2070, 100, 22
2026/04/04 00:35:11.200, 69.82, 2070, 100, 22
2026/04/04 00:35:11.310, 69.82, 2070, 100, 22
2026/04/04 00:35:11.420, 69.82, 2070, 100, 22
2026/04/04 00:35:11.529, 69.88, 2040, 100, 22
2026/04/04 00:35:11.639, 69.88, 2040, 100, 22
2026/04/04 00:35:11.750, 69.88, 2040, 100, 22
2026/04/04 00:35:11.858, 69.88, 2040, 100, 22
2026/04/04 00:35:11.969, 69.88, 2040, 100, 22
2026/04/04 00:35:12.077, 70.06, 2070, 100, 22
2026/04/04 00:35:12.185, 70.06, 2070, 100, 22
2026/04/04 00:35:12.296, 70.06, 2070, 100, 22
2026/04/04 00:35:12.406, 70.06, 2070, 100, 22
2026/04/04 00:35:12.514, 69.86, 2070, 100, 23
2026/04/04 00:35:12.625, 69.86, 2070, 100, 23
2026/04/04 00:35:12.736, 69.86, 2070, 100, 23
2026/04/04 00:35:12.846, 69.86, 2070, 100, 23
2026/04/04 00:35:12.956, 69.86, 2070, 100, 23
2026/04/04 00:35:13.066, 69.97, 2070, 100, 23
2026/04/04 00:35:13.175, 69.97, 2070, 100, 23
2026/04/04 00:35:13.284, 69.97, 2070, 100, 23
2026/04/04 00:35:13.395, 69.97, 2070, 100, 23
2026/04/04 00:35:13.505, 69.94, 2055, 100, 22
2026/04/04 00:35:13.613, 69.94, 2055, 100, 22
2026/04/04 00:35:13.723, 69.94, 2055, 100, 22
2026/04/04 00:35:13.834, 69.94, 2055, 100, 22
2026/04/04 00:35:13.944, 69.94, 2055, 100, 22
2026/04/04 00:35:14.053, 69.93, 2085, 100, 22
2026/04/04 00:35:14.161, 69.93, 2085, 100, 22
2026/04/04 00:35:14.270, 69.93, 2085, 100, 22
2026/04/04 00:35:14.379, 69.93, 2085, 100, 22
2026/04/04 00:35:14.489, 69.93, 2085, 100, 22
2026/04/04 00:35:14.598, 69.87, 2085, 100, 23
2026/04/04 00:35:14.708, 69.87, 2085, 100, 23
2026/04/04 00:35:14.818, 69.87, 2085, 100, 23
2026/04/04 00:35:14.926, 69.87, 2085, 100, 23
2026/04/04 00:35:15.035, 69.94, 2055, 100, 23
2026/04/04 00:35:15.143, 69.94, 2055, 100, 23
2026/04/04 00:35:15.252, 69.94, 2055, 100, 23
2026/04/04 00:35:15.361, 69.94, 2055, 100, 23
2026/04/04 00:35:15.472, 69.94, 2055, 100, 23
2026/04/04 00:35:15.581, 69.89, 2070, 100, 22
2026/04/04 00:35:15.691, 69.89, 2070, 100, 22
2026/04/04 00:35:15.801, 69.89, 2070, 100, 22
2026/04/04 00:35:15.910, 69.89, 2070, 100, 22
2026/04/04 00:35:16.019, 69.93, 2085, 100, 22
2026/04/04 00:35:16.126, 69.93, 2085, 100, 22
2026/04/04 00:35:16.234, 69.93, 2085, 100, 22
2026/04/04 00:35:16.343, 69.93, 2085, 100, 22
2026/04/04 00:35:16.450, 69.93, 2085, 100, 22
2026/04/04 00:35:16.561, 69.94, 2085, 100, 22
2026/04/04 00:35:16.668, 69.94, 2085, 100, 22
2026/04/04 00:35:16.778, 69.94, 2085, 100, 22
2026/04/04 00:35:16.888, 69.94, 2085, 100, 22
2026/04/04 00:35:16.997, 69.94, 2085, 100, 22
2026/04/04 00:35:17.107, 69.93, 2085, 100, 22
2026/04/04 00:35:17.215, 69.93, 2085, 100, 22
2026/04/04 00:35:17.322, 69.93, 2085, 100, 22
2026/04/04 00:35:17.432, 69.93, 2085, 100, 22
2026/04/04 00:35:17.541, 69.95, 2085, 100, 23
2026/04/04 00:35:17.652, 69.95, 2085, 100, 23
2026/04/04 00:35:17.762, 69.95, 2085, 100, 23
2026/04/04 00:35:17.870, 69.95, 2085, 100, 23
2026/04/04 00:35:17.979, 69.95, 2085, 100, 23
2026/04/04 00:35:18.088, 69.95, 2070, 100, 23
2026/04/04 00:35:18.197, 69.95, 2070, 100, 23
2026/04/04 00:35:18.306, 69.95, 2070, 100, 23
2026/04/04 00:35:18.415, 69.95, 2070, 100, 23
2026/04/04 00:35:18.525, 69.91, 2085, 100, 22
2026/04/04 00:35:18.634, 69.91, 2085, 100, 22
2026/04/04 00:35:18.745, 69.91, 2085, 100, 22
2026/04/04 00:35:18.853, 69.91, 2085, 100, 22
2026/04/04 00:35:18.961, 69.91, 2085, 100, 22
2026/04/04 00:35:19.070, 69.88, 2085, 100, 22
2026/04/04 00:35:19.180, 69.88, 2085, 100, 22
2026/04/04 00:35:19.290, 69.88, 2085, 100, 22
2026/04/04 00:35:19.400, 69.88, 2085, 100, 22
2026/04/04 00:35:19.510, 69.94, 2085, 100, 23
2026/04/04 00:35:19.618, 69.94, 2085, 100, 23
2026/04/04 00:35:19.727, 69.94, 2085, 100, 23
2026/04/04 00:35:19.838, 69.94, 2085, 100, 23
2026/04/04 00:35:19.947, 69.94, 2085, 100, 23
2026/04/04 00:35:20.056, 69.92, 2070, 100, 23
2026/04/04 00:35:20.164, 69.92, 2070, 100, 23
2026/04/04 00:35:20.272, 69.92, 2070, 100, 23
2026/04/04 00:35:20.383, 69.92, 2070, 100, 23
2026/04/04 00:35:20.491, 69.92, 2070, 100, 23
2026/04/04 00:35:20.600, 69.95, 2070, 100, 22
2026/04/04 00:35:20.709, 69.95, 2070, 100, 22
2026/04/04 00:35:20.818, 69.95, 2070, 100, 22
2026/04/04 00:35:20.928, 69.95, 2070, 100, 22
2026/04/04 00:35:21.037, 69.91, 2070, 100, 22
2026/04/04 00:35:21.147, 69.91, 2070, 100, 22
2026/04/04 00:35:21.255, 69.91, 2070, 100, 22
2026/04/04 00:35:21.363, 69.91, 2070, 100, 22
2026/04/04 00:35:21.473, 69.91, 2070, 100, 22
2026/04/04 00:35:21.583, 69.98, 2085, 100, 22
2026/04/04 00:35:21.693, 69.98, 2085, 100, 22
2026/04/04 00:35:21.803, 69.98, 2085, 100, 22
2026/04/04 00:35:21.911, 69.98, 2085, 100, 22
2026/04/04 00:35:22.020, 69.90, 2085, 100, 22
2026/04/04 00:35:22.131, 69.90, 2085, 100, 22
2026/04/04 00:35:22.241, 69.90, 2085, 100, 22
2026/04/04 00:35:22.350, 69.90, 2085, 100, 22
2026/04/04 00:35:22.460, 69.90, 2085, 100, 22
2026/04/04 00:35:22.571, 69.98, 2070, 100, 23
2026/04/04 00:35:22.681, 69.98, 2070, 100, 23
2026/04/04 00:35:22.791, 69.98, 2070, 100, 23
2026/04/04 00:35:22.901, 69.98, 2070, 100, 23
2026/04/04 00:35:23.008, 69.93, 2070, 100, 23
2026/04/04 00:35:23.116, 69.93, 2070, 100, 23
2026/04/04 00:35:23.226, 69.93, 2070, 100, 23
2026/04/04 00:35:23.336, 69.93, 2070, 100, 23
2026/04/04 00:35:23.445, 69.93, 2070, 100, 23
2026/04/04 00:35:23.555, 69.94, 2085, 100, 22
2026/04/04 00:35:23.666, 69.94, 2085, 100, 22
2026/04/04 00:35:23.774, 69.94, 2085, 100, 22
2026/04/04 00:35:23.882, 69.94, 2085, 100, 22
2026/04/04 00:35:23.991, 69.94, 2085, 100, 22
2026/04/04 00:35:24.101, 69.94, 2085, 100, 22
2026/04/04 00:35:24.211, 69.94, 2085, 100, 22
2026/04/04 00:35:24.319, 69.94, 2085, 100, 22
2026/04/04 00:35:24.429, 69.94, 2085, 100, 22
2026/04/04 00:35:24.540, 69.92, 2085, 100, 23
2026/04/04 00:35:24.649, 69.92, 2085, 100, 23
2026/04/04 00:35:24.761, 69.92, 2085, 100, 23
2026/04/04 00:35:24.870, 69.92, 2085, 100, 23
2026/04/04 00:35:24.981, 69.92, 2085, 100, 23
2026/04/04 00:35:25.091, 69.98, 2070, 100, 23
2026/04/04 00:35:25.201, 69.98, 2070, 100, 23
2026/04/04 00:35:25.312, 69.98, 2070, 100, 23
2026/04/04 00:35:25.421, 69.98, 2070, 100, 23
2026/04/04 00:35:25.532, 69.89, 2070, 100, 22
2026/04/04 00:35:25.642, 69.89, 2070, 100, 22
2026/04/04 00:35:25.752, 69.89, 2070, 100, 22
2026/04/04 00:35:25.862, 69.89, 2070, 100, 22
2026/04/04 00:35:25.971, 69.89, 2070, 100, 22
2026/04/04 00:35:26.081, 69.94, 2085, 100, 22
2026/04/04 00:35:26.191, 69.94, 2085, 100, 22
2026/04/04 00:35:26.300, 69.94, 2085, 100, 22
2026/04/04 00:35:26.409, 69.94, 2085, 100, 22
2026/04/04 00:35:26.519, 69.89, 2085, 100, 23
2026/04/04 00:35:26.629, 69.89, 2085, 100, 23
2026/04/04 00:35:26.738, 69.89, 2085, 100, 23
2026/04/04 00:35:26.849, 69.89, 2085, 100, 23
2026/04/04 00:35:26.959, 69.89, 2085, 100, 23
2026/04/04 00:35:27.071, 69.94, 2070, 100, 23
2026/04/04 00:35:27.182, 69.94, 2070, 100, 23
2026/04/04 00:35:27.291, 69.94, 2070, 100, 23
2026/04/04 00:35:27.401, 69.94, 2070, 100, 23
2026/04/04 00:35:27.512, 69.87, 2070, 100, 22
2026/04/04 00:35:27.622, 69.87, 2070, 100, 22
2026/04/04 00:35:27.733, 69.87, 2070, 100, 22
2026/04/04 00:35:27.844, 69.87, 2070, 100, 22
2026/04/04 00:35:27.953, 69.87, 2070, 100, 22
2026/04/04 00:35:28.064, 69.93, 2070, 100, 22
2026/04/04 00:35:28.172, 69.93, 2070, 100, 22
2026/04/04 00:35:28.282, 69.93, 2070, 100, 22
2026/04/04 00:35:28.391, 69.93, 2070, 100, 22
2026/04/04 00:35:28.500, 69.93, 2070, 100, 22
2026/04/04 00:35:28.611, 69.91, 2085, 100, 22
2026/04/04 00:35:28.722, 69.91, 2085, 100, 22
2026/04/04 00:35:28.833, 69.91, 2085, 100, 22
2026/04/04 00:35:28.943, 69.91, 2085, 100, 22
2026/04/04 00:35:29.053, 69.93, 2085, 100, 22
2026/04/04 00:35:29.162, 69.93, 2085, 100, 22
2026/04/04 00:35:29.273, 69.93, 2085, 100, 22
2026/04/04 00:35:29.383, 69.93, 2085, 100, 22
2026/04/04 00:35:29.495, 69.93, 2085, 100, 22
2026/04/04 00:35:29.607, 69.94, 2070, 100, 22
2026/04/04 00:35:29.717, 69.94, 2070, 100, 22
2026/04/04 00:35:29.827, 69.94, 2070, 100, 22
2026/04/04 00:35:29.937, 69.94, 2070, 100, 22
2026/04/04 00:35:30.048, 69.88, 2070, 100, 22
2026/04/04 00:35:30.158, 69.88, 2070, 100, 22
2026/04/04 00:35:30.270, 69.88, 2070, 100, 22
2026/04/04 00:35:30.380, 69.88, 2070, 100, 22
2026/04/04 00:35:30.492, 69.88, 2070, 100, 22
2026/04/04 00:35:30.603, 69.95, 2085, 100, 22
2026/04/04 00:35:30.715, 69.95, 2085, 100, 22
2026/04/04 00:35:30.824, 69.95, 2085, 100, 22
2026/04/04 00:35:30.934, 69.95, 2085, 100, 22
2026/04/04 00:35:31.046, 69.90, 2085, 100, 22
2026/04/04 00:35:31.158, 69.90, 2085, 100, 22
2026/04/04 00:35:31.269, 69.90, 2085, 100, 22
2026/04/04 00:35:31.380, 69.90, 2085, 100, 22
2026/04/04 00:35:31.491, 69.90, 2085, 100, 22
2026/04/04 00:35:31.603, 69.96, 2070, 100, 23
2026/04/04 00:35:31.713, 69.96, 2070, 100, 23
2026/04/04 00:35:31.823, 69.96, 2070, 100, 23
2026/04/04 00:35:31.934, 69.96, 2070, 100, 23
2026/04/04 00:35:32.046, 69.91, 2070, 100, 23
2026/04/04 00:35:32.157, 69.91, 2070, 100, 23
2026/04/04 00:35:32.268, 69.91, 2070, 100, 23
2026/04/04 00:35:32.379, 69.91, 2070, 100, 23
2026/04/04 00:35:32.489, 69.91, 2070, 100, 23
2026/04/04 00:35:32.602, 69.96, 2085, 100, 22
2026/04/04 00:35:32.710, 69.96, 2085, 100, 22
2026/04/04 00:35:32.821, 69.96, 2085, 100, 22
2026/04/04 00:35:32.931, 69.96, 2085, 100, 22
2026/04/04 00:35:33.043, 69.90, 2085, 100, 22
2026/04/04 00:35:33.155, 69.90, 2085, 100, 22
2026/04/04 00:35:33.266, 69.90, 2085, 100, 22
2026/04/04 00:35:33.377, 69.90, 2085, 100, 22
2026/04/04 00:35:33.487, 69.90, 2085, 100, 22
2026/04/04 00:35:33.598, 69.93, 2100, 100, 23
2026/04/04 00:35:33.709, 69.93, 2100, 100, 23
2026/04/04 00:35:33.820, 69.93, 2100, 100, 23
2026/04/04 00:35:33.932, 69.93, 2100, 100, 23
2026/04/04 00:35:34.043, 69.92, 2070, 100, 23
2026/04/04 00:35:34.153, 69.92, 2070, 100, 23
2026/04/04 00:35:34.264, 69.92, 2070, 100, 23
2026/04/04 00:35:34.374, 69.92, 2070, 100, 23
2026/04/04 00:35:34.484, 69.92, 2070, 100, 23
2026/04/04 00:35:34.596, 69.92, 2070, 100, 22
2026/04/04 00:35:34.707, 69.92, 2070, 100, 22
2026/04/04 00:35:34.817, 69.92, 2070, 100, 22
2026/04/04 00:35:34.928, 69.92, 2070, 100, 22
2026/04/04 00:35:35.040, 69.90, 2085, 100, 22
2026/04/04 00:35:35.149, 69.90, 2085, 100, 22
2026/04/04 00:35:35.259, 69.90, 2085, 100, 22
2026/04/04 00:35:35.370, 69.90, 2085, 100, 22
2026/04/04 00:35:35.481, 69.90, 2085, 100, 22
2026/04/04 00:35:35.592, 69.95, 2085, 100, 23
2026/04/04 00:35:35.703, 69.95, 2085, 100, 23
2026/04/04 00:35:35.814, 69.95, 2085, 100, 23
2026/04/04 00:35:35.925, 69.95, 2085, 100, 23
2026/04/04 00:35:36.036, 69.91, 2085, 100, 23
2026/04/04 00:35:36.147, 69.91, 2085, 100, 23
2026/04/04 00:35:36.258, 69.91, 2085, 100, 23
2026/04/04 00:35:36.368, 69.91, 2085, 100, 23
2026/04/04 00:35:36.479, 69.91, 2085, 100, 23
2026/04/04 00:35:36.590, 70.00, 2055, 100, 22
2026/04/04 00:35:36.701, 70.00, 2055, 100, 22
2026/04/04 00:35:36.811, 70.00, 2055, 100, 22
2026/04/04 00:35:36.921, 70.00, 2055, 100, 22
2026/04/04 00:35:37.033, 70.01, 2070, 100, 22
2026/04/04 00:35:37.142, 70.01, 2070, 100, 22
2026/04/04 00:35:37.254, 70.01, 2070, 100, 22
2026/04/04 00:35:37.364, 70.01, 2070, 100, 22
2026/04/04 00:35:37.475, 70.01, 2070, 100, 22
2026/04/04 00:35:37.586, 69.98, 2085, 100, 23
2026/04/04 00:35:37.697, 69.98, 2085, 100, 23
2026/04/04 00:35:37.808, 69.98, 2085, 100, 23
2026/04/04 00:35:37.920, 69.98, 2085, 100, 23
2026/04/04 00:35:38.030, 70.04, 2070, 100, 23
2026/04/04 00:35:38.141, 70.04, 2070, 100, 23
2026/04/04 00:35:38.252, 70.04, 2070, 100, 23
2026/04/04 00:35:38.365, 70.04, 2070, 100, 23
2026/04/04 00:35:38.474, 70.04, 2070, 100, 23
2026/04/04 00:35:38.585, 70.01, 2055, 100, 22
2026/04/04 00:35:38.695, 70.01, 2055, 100, 22
2026/04/04 00:35:38.807, 70.01, 2055, 100, 22
2026/04/04 00:35:38.916, 70.01, 2055, 100, 22
2026/04/04 00:35:39.027, 70.01, 2085, 100, 22
2026/04/04 00:35:39.138, 70.01, 2085, 100, 22
2026/04/04 00:35:39.249, 70.01, 2085, 100, 22
2026/04/04 00:35:39.358, 70.01, 2085, 100, 22
2026/04/04 00:35:39.467, 70.01, 2085, 100, 22
2026/04/04 00:35:39.577, 63.83, 2490, 93, 86
2026/04/04 00:35:39.687, 63.83, 2490, 93, 86
2026/04/04 00:35:39.797, 63.83, 2490, 93, 86
2026/04/04 00:35:39.909, 63.83, 2490, 93, 86
2026/04/04 00:35:40.018, 60.15, 2100, 93, 86
2026/04/04 00:35:40.128, 60.15, 2100, 93, 86
2026/04/04 00:35:40.238, 60.15, 2100, 93, 86
2026/04/04 00:35:40.347, 60.15, 2100, 93, 86
2026/04/04 00:35:40.457, 60.15, 2100, 93, 86
2026/04/04 00:35:40.567, 65.05, 2085, 100, 23
2026/04/04 00:35:40.676, 65.05, 2085, 100, 23
2026/04/04 00:35:40.787, 65.05, 2085, 100, 23
2026/04/04 00:35:40.897, 65.05, 2085, 100, 23
2026/04/04 00:35:41.007, 65.05, 2085, 100, 23
2026/04/04 00:35:41.117, 70.19, 2085, 100, 23
2026/04/04 00:35:41.228, 70.19, 2085, 100, 23
2026/04/04 00:35:41.336, 70.19, 2085, 100, 23
2026/04/04 00:35:41.445, 70.19, 2085, 100, 23
2026/04/04 00:35:41.555, 70.13, 2070, 100, 23
2026/04/04 00:35:41.665, 70.13, 2070, 100, 23
2026/04/04 00:35:41.774, 70.13, 2070, 100, 23
2026/04/04 00:35:41.883, 70.13, 2070, 100, 23
2026/04/04 00:35:41.993, 70.13, 2070, 100, 23
2026/04/04 00:35:42.103, 69.93, 2085, 100, 23
2026/04/04 00:35:42.213, 69.93, 2085, 100, 23
2026/04/04 00:35:42.321, 69.93, 2085, 100, 23
2026/04/04 00:35:42.428, 69.93, 2085, 100, 23
2026/04/04 00:35:42.536, 69.99, 2070, 100, 22
2026/04/04 00:35:42.645, 69.99, 2070, 100, 22
2026/04/04 00:35:42.754, 69.99, 2070, 100, 22
2026/04/04 00:35:42.864, 69.99, 2070, 100, 22
2026/04/04 00:35:42.975, 69.99, 2070, 100, 22
2026/04/04 00:35:43.085, 69.91, 2070, 100, 22
2026/04/04 00:35:43.193, 69.91, 2070, 100, 22
2026/04/04 00:35:43.303, 69.91, 2070, 100, 22
2026/04/04 00:35:43.412, 69.91, 2070, 100, 22
2026/04/04 00:35:43.520, 69.93, 2070, 100, 23
2026/04/04 00:35:43.629, 69.93, 2070, 100, 23
2026/04/04 00:35:43.740, 69.93, 2070, 100, 23
2026/04/04 00:35:43.852, 69.93, 2070, 100, 23
2026/04/04 00:35:43.961, 69.93, 2070, 100, 23
2026/04/04 00:35:44.070, 69.97, 2085, 100, 23
2026/04/04 00:35:44.180, 69.97, 2085, 100, 23
2026/04/04 00:35:44.289, 69.97, 2085, 100, 23
2026/04/04 00:35:44.398, 69.97, 2085, 100, 23
2026/04/04 00:35:44.507, 69.97, 2085, 100, 23
2026/04/04 00:35:44.615, 70.01, 2070, 100, 22
2026/04/04 00:35:44.725, 70.01, 2070, 100, 22
2026/04/04 00:35:44.835, 70.01, 2070, 100, 22
2026/04/04 00:35:44.945, 70.01, 2070, 100, 22
2026/04/04 00:35:45.056, 69.90, 2070, 100, 22
2026/04/04 00:35:45.164, 69.90, 2070, 100, 22
2026/04/04 00:35:45.273, 69.90, 2070, 100, 22
2026/04/04 00:35:45.382, 69.90, 2070, 100, 22
2026/04/04 00:35:45.491, 69.90, 2070, 100, 22
2026/04/04 00:35:45.600, 69.92, 2070, 100, 23
2026/04/04 00:35:45.708, 69.92, 2070, 100, 23
2026/04/04 00:35:45.819, 69.92, 2070, 100, 23
2026/04/04 00:35:45.929, 69.92, 2070, 100, 23
2026/04/04 00:35:46.039, 69.99, 2100, 100, 23
2026/04/04 00:35:46.148, 69.99, 2100, 100, 23
2026/04/04 00:35:46.258, 69.99, 2100, 100, 23
2026/04/04 00:35:46.366, 69.99, 2100, 100, 23
2026/04/04 00:35:46.476, 69.99, 2100, 100, 23
2026/04/04 00:35:46.585, 69.96, 2085, 100, 22
2026/04/04 00:35:46.693, 69.96, 2085, 100, 22
2026/04/04 00:35:46.804, 69.96, 2085, 100, 22
2026/04/04 00:35:46.912, 69.96, 2085, 100, 22
2026/04/04 00:35:47.021, 70.03, 2070, 100, 22
2026/04/04 00:35:47.129, 70.03, 2070, 100, 22
2026/04/04 00:35:47.239, 70.03, 2070, 100, 22
2026/04/04 00:35:47.348, 70.03, 2070, 100, 22
2026/04/04 00:35:47.458, 70.03, 2070, 100, 22
2026/04/04 00:35:47.567, 70.05, 2070, 100, 23
2026/04/04 00:35:47.677, 70.05, 2070, 100, 23
2026/04/04 00:35:47.789, 70.05, 2070, 100, 23
2026/04/04 00:35:47.898, 70.05, 2070, 100, 23
2026/04/04 00:35:48.009, 70.05, 2085, 100, 23
2026/04/04 00:35:48.117, 70.01, 2085, 100, 23
2026/04/04 00:35:48.227, 70.01, 2085, 100, 23
2026/04/04 00:35:48.334, 70.01, 2085, 100, 23
2026/04/04 00:35:48.442, 70.01, 2085, 100, 23
2026/04/04 00:35:48.552, 70.03, 2070, 100, 22
2026/04/04 00:35:48.660, 70.03, 2070, 100, 22
2026/04/04 00:35:48.771, 70.03, 2070, 100, 22
2026/04/04 00:35:48.880, 70.03, 2070, 100, 22
2026/04/04 00:35:48.987, 70.03, 2070, 100, 22
2026/04/04 00:35:49.097, 69.98, 2070, 100, 22
2026/04/04 00:35:49.207, 69.98, 2070, 100, 22
2026/04/04 00:35:49.316, 69.98, 2070, 100, 22
2026/04/04 00:35:49.425, 69.98, 2070, 100, 22
2026/04/04 00:35:49.535, 70.03, 2040, 100, 23
2026/04/04 00:35:49.646, 70.03, 2040, 100, 23
2026/04/04 00:35:49.756, 70.03, 2040, 100, 23
2026/04/04 00:35:49.865, 70.03, 2040, 100, 23
2026/04/04 00:35:49.974, 70.03, 2040, 100, 23
2026/04/04 00:35:50.083, 69.91, 2100, 100, 23
2026/04/04 00:35:50.192, 69.91, 2100, 100, 23
2026/04/04 00:35:50.302, 69.91, 2100, 100, 23
2026/04/04 00:35:50.411, 69.91, 2100, 100, 23
2026/04/04 00:35:50.520, 69.97, 2085, 100, 22
2026/04/04 00:35:50.630, 69.97, 2085, 100, 22
2026/04/04 00:35:50.740, 69.97, 2085, 100, 22
2026/04/04 00:35:50.851, 69.97, 2085, 100, 22
2026/04/04 00:35:50.961, 69.97, 2085, 100, 22
2026/04/04 00:35:51.068, 69.86, 2070, 100, 22
2026/04/04 00:35:51.178, 69.86, 2070, 100, 22
2026/04/04 00:35:51.287, 69.86, 2070, 100, 22
2026/04/04 00:35:51.397, 69.86, 2070, 100, 22
2026/04/04 00:35:51.507, 69.86, 2070, 100, 22
2026/04/04 00:35:51.616, 70.04, 2070, 100, 23
2026/04/04 00:35:51.725, 70.04, 2070, 100, 23
2026/04/04 00:35:51.835, 70.04, 2070, 100, 23
2026/04/04 00:35:51.945, 70.04, 2070, 100, 23
2026/04/04 00:35:52.055, 69.89, 2085, 100, 23
2026/04/04 00:35:52.163, 69.89, 2085, 100, 23
2026/04/04 00:35:52.270, 69.89, 2085, 100, 23
2026/04/04 00:35:52.380, 69.89, 2085, 100, 23
2026/04/04 00:35:52.490, 69.89, 2085, 100, 23
2026/04/04 00:35:52.600, 69.96, 2085, 100, 22
2026/04/04 00:35:52.709, 69.96, 2085, 100, 22
2026/04/04 00:35:52.818, 69.96, 2085, 100, 22
2026/04/04 00:35:52.927, 69.96, 2085, 100, 22
2026/04/04 00:35:53.037, 69.89, 2070, 100, 22
2026/04/04 00:35:53.145, 69.89, 2070, 100, 22
2026/04/04 00:35:53.256, 69.89, 2070, 100, 22
2026/04/04 00:35:53.365, 69.89, 2070, 100, 22
2026/04/04 00:35:53.475, 69.89, 2070, 100, 22
2026/04/04 00:35:53.585, 69.95, 2085, 100, 23
2026/04/04 00:35:53.695, 69.95, 2085, 100, 23
2026/04/04 00:35:53.807, 69.95, 2085, 100, 23
2026/04/04 00:35:53.916, 69.95, 2085, 100, 23
2026/04/04 00:35:54.025, 69.90, 2085, 100, 23
2026/04/04 00:35:54.135, 69.90, 2085, 100, 23
2026/04/04 00:35:54.244, 69.90, 2085, 100, 23
2026/04/04 00:35:54.352, 69.90, 2085, 100, 23
2026/04/04 00:35:54.460, 69.90, 2085, 100, 23
2026/04/04 00:35:54.568, 69.96, 2085, 100, 22
2026/04/04 00:35:54.677, 69.96, 2085, 100, 22
2026/04/04 00:35:54.787, 69.96, 2085, 100, 22
2026/04/04 00:35:54.895, 69.96, 2085, 100, 22
2026/04/04 00:35:55.005, 69.96, 2085, 100, 22
2026/04/04 00:35:55.116, 69.94, 2070, 100, 22
2026/04/04 00:35:55.226, 69.94, 2070, 100, 22
2026/04/04 00:35:55.337, 69.94, 2070, 100, 22
2026/04/04 00:35:55.448, 69.94, 2070, 100, 22
2026/04/04 00:35:55.559, 70.01, 2070, 100, 23
2026/04/04 00:35:55.669, 70.01, 2070, 100, 23
2026/04/04 00:35:55.780, 70.01, 2070, 100, 23
2026/04/04 00:35:55.891, 70.01, 2070, 100, 23
2026/04/04 00:35:56.002, 70.01, 2070, 100, 23
2026/04/04 00:35:56.112, 69.98, 2070, 100, 23
2026/04/04 00:35:56.223, 69.98, 2070, 100, 23
2026/04/04 00:35:56.334, 69.98, 2070, 100, 23
2026/04/04 00:35:56.445, 69.98, 2070, 100, 23
2026/04/04 00:35:56.555, 70.07, 2055, 100, 22
2026/04/04 00:35:56.665, 70.07, 2055, 100, 22
2026/04/04 00:35:56.776, 70.07, 2055, 100, 22
2026/04/04 00:35:56.887, 70.07, 2055, 100, 22
2026/04/04 00:35:56.998, 70.07, 2055, 100, 22
2026/04/04 00:35:57.109, 70.01, 2070, 100, 22
2026/04/04 00:35:57.220, 70.01, 2070, 100, 22
2026/04/04 00:35:57.331, 70.01, 2070, 100, 22
2026/04/04 00:35:57.442, 70.01, 2070, 100, 22
2026/04/04 00:35:57.553, 70.06, 2100, 100, 23
2026/04/04 00:35:57.664, 70.06, 2100, 100, 23
2026/04/04 00:35:57.774, 70.06, 2100, 100, 23
2026/04/04 00:35:57.884, 70.06, 2100, 100, 23
2026/04/04 00:35:57.995, 70.06, 2100, 100, 23
2026/04/04 00:35:58.106, 69.86, 2085, 100, 23
2026/04/04 00:35:58.217, 69.86, 2085, 100, 23
2026/04/04 00:35:58.327, 69.86, 2085, 100, 23
2026/04/04 00:35:58.437, 69.86, 2085, 100, 23
2026/04/04 00:35:58.548, 69.68, 2265, 100, 22
2026/04/04 00:35:58.658, 69.68, 2265, 100, 22
2026/04/04 00:35:58.768, 69.68, 2265, 100, 22
2026/04/04 00:35:58.878, 69.68, 2265, 100, 22
2026/04/04 00:35:58.988, 69.68, 2265, 100, 22
2026/04/04 00:35:59.099, 69.72, 2250, 100, 22
2026/04/04 00:35:59.210, 69.72, 2250, 100, 22
2026/04/04 00:35:59.321, 69.72, 2250, 100, 22
2026/04/04 00:35:59.430, 69.72, 2250, 100, 22
2026/04/04 00:35:59.539, 69.32, 2175, 100, 22
2026/04/04 00:35:59.649, 69.32, 2175, 100, 22
2026/04/04 00:35:59.759, 69.32, 2175, 100, 22
2026/04/04 00:35:59.869, 69.32, 2175, 100, 22
2026/04/04 00:35:59.979, 69.32, 2175, 100, 22
2026/04/04 00:36:00.089, 69.79, 2160, 100, 22
2026/04/04 00:36:00.200, 69.79, 2160, 100, 22
2026/04/04 00:36:00.310, 69.79, 2160, 100, 22
2026/04/04 00:36:00.419, 69.79, 2160, 100, 22
2026/04/04 00:36:00.529, 69.62, 2190, 100, 23
2026/04/04 00:36:00.639, 69.62, 2190, 100, 23
2026/04/04 00:36:00.752, 69.62, 2190, 100, 23
2026/04/04 00:36:00.862, 69.62, 2190, 100, 23
2026/04/04 00:36:00.971, 69.62, 2190, 100, 23
2026/04/04 00:36:01.081, 69.54, 2190, 100, 23
2026/04/04 00:36:01.192, 69.54, 2190, 100, 23
2026/04/04 00:36:01.302, 69.54, 2190, 100, 23
2026/04/04 00:36:01.412, 69.54, 2190, 100, 23
2026/04/04 00:36:01.522, 69.44, 2220, 100, 23
2026/04/04 00:36:01.633, 69.44, 2220, 100, 23
2026/04/04 00:36:01.743, 69.44, 2220, 100, 23
2026/04/04 00:36:01.868, 69.44, 2220, 100, 23
2026/04/04 00:36:01.979, 69.44, 2220, 100, 23
2026/04/04 00:36:02.089, 69.34, 2235, 100, 23
2026/04/04 00:36:02.200, 69.34, 2235, 100, 23
2026/04/04 00:36:02.310, 69.34, 2235, 100, 23
2026/04/04 00:36:02.421, 69.34, 2235, 100, 23
2026/04/04 00:36:02.531, 69.68, 2160, 100, 22
2026/04/04 00:36:02.642, 69.68, 2160, 100, 22
2026/04/04 00:36:02.753, 69.68, 2160, 100, 22
2026/04/04 00:36:02.863, 69.68, 2160, 100, 22
2026/04/04 00:36:02.973, 69.68, 2160, 100, 22
2026/04/04 00:36:03.084, 69.50, 2250, 100, 22
2026/04/04 00:36:03.195, 69.50, 2250, 100, 22
2026/04/04 00:36:03.306, 69.50, 2250, 100, 22
2026/04/04 00:36:03.417, 69.50, 2250, 100, 22
2026/04/04 00:36:03.528, 69.46, 2175, 100, 23
2026/04/04 00:36:03.639, 69.46, 2175, 100, 23
2026/04/04 00:36:03.750, 69.46, 2175, 100, 23
2026/04/04 00:36:03.862, 69.46, 2175, 100, 23
2026/04/04 00:36:03.972, 69.46, 2175, 100, 23
2026/04/04 00:36:04.083, 69.62, 2085, 100, 23
2026/04/04 00:36:04.194, 69.62, 2085, 100, 23
2026/04/04 00:36:04.305, 69.62, 2085, 100, 23
2026/04/04 00:36:04.415, 69.62, 2085, 100, 23
2026/04/04 00:36:04.526, 69.82, 2070, 100, 23
2026/04/04 00:36:04.638, 69.82, 2070, 100, 23
2026/04/04 00:36:04.749, 69.82, 2070, 100, 23
2026/04/04 00:36:04.860, 69.82, 2070, 100, 23
2026/04/04 00:36:04.972, 69.82, 2070, 100, 23
2026/04/04 00:36:05.081, 69.32, 2070, 100, 23
2026/04/04 00:36:05.192, 69.32, 2070, 100, 23
2026/04/04 00:36:05.301, 69.32, 2070, 100, 23
2026/04/04 00:36:05.411, 69.32, 2070, 100, 23
2026/04/04 00:36:05.522, 69.76, 2160, 100, 23
2026/04/04 00:36:05.632, 69.76, 2160, 100, 23
2026/04/04 00:36:05.743, 69.76, 2160, 100, 23
2026/04/04 00:36:05.853, 69.76, 2160, 100, 23
2026/04/04 00:36:05.964, 69.76, 2160, 100, 23
2026/04/04 00:36:06.075, 69.69, 2115, 100, 23
2026/04/04 00:36:06.186, 69.69, 2115, 100, 23
2026/04/04 00:36:06.297, 69.69, 2115, 100, 23
2026/04/04 00:36:06.408, 69.69, 2115, 100, 23
2026/04/04 00:36:06.520, 70.12, 2100, 100, 23
2026/04/04 00:36:06.631, 70.12, 2100, 100, 23
2026/04/04 00:36:06.741, 70.12, 2100, 100, 23
2026/04/04 00:36:06.852, 70.12, 2100, 100, 23
2026/04/04 00:36:06.962, 70.12, 2100, 100, 23
2026/04/04 00:36:07.072, 70.06, 2070, 100, 23
2026/04/04 00:36:07.184, 70.06, 2070, 100, 23
2026/04/04 00:36:07.295, 70.06, 2070, 100, 23
2026/04/04 00:36:07.406, 70.06, 2070, 100, 23
2026/04/04 00:36:07.516, 69.72, 2085, 100, 23
2026/04/04 00:36:07.626, 69.72, 2085, 100, 23
2026/04/04 00:36:07.737, 69.72, 2085, 100, 23
2026/04/04 00:36:07.847, 69.72, 2085, 100, 23
2026/04/04 00:36:07.957, 69.72, 2085, 100, 23
2026/04/04 00:36:08.068, 69.70, 2070, 100, 23
2026/04/04 00:36:08.179, 69.70, 2070, 100, 23
2026/04/04 00:36:08.290, 69.70, 2070, 100, 23
2026/04/04 00:36:08.401, 69.70, 2070, 100, 23
2026/04/04 00:36:08.512, 69.60, 2070, 100, 24
2026/04/04 00:36:08.622, 69.60, 2070, 100, 24
2026/04/04 00:36:08.730, 69.60, 2070, 100, 24
2026/04/04 00:36:08.838, 69.60, 2070, 100, 24
2026/04/04 00:36:08.950, 69.60, 2070, 100, 24
2026/04/04 00:36:09.060, 69.77, 2205, 100, 24
2026/04/04 00:36:09.170, 69.77, 2205, 100, 24
2026/04/04 00:36:09.281, 69.77, 2205, 100, 24
2026/04/04 00:36:09.390, 69.77, 2205, 100, 24
2026/04/04 00:36:09.500, 69.77, 2205, 100, 24
2026/04/04 00:36:09.611, 69.88, 2100, 100, 22
2026/04/04 00:36:09.720, 69.88, 2100, 100, 22
2026/04/04 00:36:09.830, 69.88, 2100, 100, 22
2026/04/04 00:36:09.941, 69.88, 2100, 100, 22
2026/04/04 00:36:10.052, 69.71, 2100, 100, 22
2026/04/04 00:36:10.164, 69.71, 2100, 100, 22
2026/04/04 00:36:10.272, 69.71, 2100, 100, 22
2026/04/04 00:36:10.382, 69.71, 2100, 100, 22
2026/04/04 00:36:10.492, 69.71, 2100, 100, 22
2026/04/04 00:36:10.601, 69.68, 2040, 100, 22
2026/04/04 00:36:10.710, 69.68, 2040, 100, 22
2026/04/04 00:36:10.819, 69.68, 2040, 100, 22
2026/04/04 00:36:10.929, 69.68, 2040, 100, 22
2026/04/04 00:36:11.038, 69.71, 2085, 100, 22
2026/04/04 00:36:11.146, 69.71, 2085, 100, 22
2026/04/04 00:36:11.255, 69.71, 2085, 100, 22
2026/04/04 00:36:11.365, 69.71, 2085, 100, 22
2026/04/04 00:36:11.475, 69.71, 2085, 100, 22
2026/04/04 00:36:11.584, 69.72, 2130, 100, 23
2026/04/04 00:36:11.695, 69.72, 2130, 100, 23
2026/04/04 00:36:11.805, 69.72, 2130, 100, 23
2026/04/04 00:36:11.915, 69.72, 2130, 100, 23
2026/04/04 00:36:12.024, 69.71, 2100, 100, 23
2026/04/04 00:36:12.134, 69.71, 2100, 100, 23
2026/04/04 00:36:12.244, 69.71, 2100, 100, 23
2026/04/04 00:36:12.355, 69.71, 2100, 100, 23
2026/04/04 00:36:12.466, 69.71, 2100, 100, 23
2026/04/04 00:36:12.576, 69.78, 2100, 100, 22
2026/04/04 00:36:12.686, 69.78, 2100, 100, 22
2026/04/04 00:36:12.797, 69.78, 2100, 100, 22
2026/04/04 00:36:12.906, 69.78, 2100, 100, 22
2026/04/04 00:36:13.016, 69.85, 2040, 100, 22
2026/04/04 00:36:13.126, 69.85, 2040, 100, 22
2026/04/04 00:36:13.237, 69.85, 2040, 100, 22
2026/04/04 00:36:13.346, 69.85, 2040, 100, 22
2026/04/04 00:36:13.456, 69.85, 2040, 100, 22
2026/04/04 00:36:13.564, 69.80, 2070, 100, 22
2026/04/04 00:36:13.674, 69.80, 2070, 100, 22
2026/04/04 00:36:13.783, 69.80, 2070, 100, 22
2026/04/04 00:36:13.892, 69.80, 2070, 100, 22
2026/04/04 00:36:14.002, 69.80, 2070, 100, 22
2026/04/04 00:36:14.111, 69.64, 2085, 100, 22
2026/04/04 00:36:14.221, 69.64, 2085, 100, 22
2026/04/04 00:36:14.329, 69.64, 2085, 100, 22
2026/04/04 00:36:14.440, 69.64, 2085, 100, 22
2026/04/04 00:36:14.551, 69.83, 2190, 100, 23
2026/04/04 00:36:14.662, 69.83, 2190, 100, 23
2026/04/04 00:36:14.772, 69.83, 2190, 100, 23
2026/04/04 00:36:14.882, 69.83, 2190, 100, 23
2026/04/04 00:36:14.990, 69.83, 2190, 100, 23
2026/04/04 00:36:15.098, 69.76, 2070, 100, 23
2026/04/04 00:36:15.208, 69.76, 2070, 100, 23
2026/04/04 00:36:15.315, 69.76, 2070, 100, 23
2026/04/04 00:36:15.424, 69.76, 2070, 100, 23
2026/04/04 00:36:15.534, 69.65, 2070, 100, 22
2026/04/04 00:36:15.643, 69.65, 2070, 100, 22
2026/04/04 00:36:15.754, 69.65, 2070, 100, 22
2026/04/04 00:36:15.865, 69.65, 2070, 100, 22
2026/04/04 00:36:15.974, 69.65, 2070, 100, 22
2026/04/04 00:36:16.085, 69.85, 2055, 100, 22
2026/04/04 00:36:16.195, 69.85, 2055, 100, 22
2026/04/04 00:36:16.305, 69.85, 2055, 100, 22
2026/04/04 00:36:16.413, 69.85, 2055, 100, 22
2026/04/04 00:36:16.525, 69.86, 2130, 100, 23
2026/04/04 00:36:16.636, 69.86, 2130, 100, 23
2026/04/04 00:36:16.745, 69.86, 2130, 100, 23
2026/04/04 00:36:16.854, 69.86, 2130, 100, 23
2026/04/04 00:36:16.963, 69.86, 2130, 100, 23
2026/04/04 00:36:17.073, 69.66, 2205, 100, 23
2026/04/04 00:36:17.181, 69.66, 2205, 100, 23
2026/04/04 00:36:17.292, 69.66, 2205, 100, 23
2026/04/04 00:36:17.399, 69.66, 2205, 100, 23
2026/04/04 00:36:17.508, 69.66, 2205, 100, 23
2026/04/04 00:36:17.618, 69.66, 2100, 100, 22
2026/04/04 00:36:17.728, 69.66, 2100, 100, 22
2026/04/04 00:36:17.838, 69.66, 2100, 100, 22
2026/04/04 00:36:17.947, 69.66, 2100, 100, 22
2026/04/04 00:36:18.056, 69.81, 2085, 100, 22
2026/04/04 00:36:18.164, 69.81, 2085, 100, 22
2026/04/04 00:36:18.275, 69.81, 2085, 100, 22
2026/04/04 00:36:18.385, 69.81, 2085, 100, 22
2026/04/04 00:36:18.494, 69.81, 2085, 100, 22
2026/04/04 00:36:18.602, 69.58, 2040, 100, 22
2026/04/04 00:36:18.713, 69.58, 2040, 100, 22
2026/04/04 00:36:18.821, 69.58, 2040, 100, 22
2026/04/04 00:36:18.931, 69.58, 2040, 100, 22
2026/04/04 00:36:19.041, 69.73, 2070, 100, 22
2026/04/04 00:36:19.150, 69.73, 2070, 100, 22
2026/04/04 00:36:19.260, 69.73, 2070, 100, 22
2026/04/04 00:36:19.368, 69.73, 2070, 100, 22
2026/04/04 00:36:19.476, 69.73, 2070, 100, 22
2026/04/04 00:36:19.583, 70.30, 2115, 100, 22
2026/04/04 00:36:19.694, 70.30, 2115, 100, 22
2026/04/04 00:36:19.805, 70.30, 2115, 100, 22
2026/04/04 00:36:19.914, 70.30, 2115, 100, 22
2026/04/04 00:36:20.023, 70.01, 2205, 100, 22
2026/04/04 00:36:20.132, 70.01, 2205, 100, 22
2026/04/04 00:36:20.241, 70.01, 2205, 100, 22
2026/04/04 00:36:20.352, 70.01, 2205, 100, 22
2026/04/04 00:36:20.461, 70.01, 2205, 100, 22
2026/04/04 00:36:20.570, 69.56, 2100, 100, 23
2026/04/04 00:36:20.681, 69.56, 2100, 100, 23
2026/04/04 00:36:20.790, 69.56, 2100, 100, 23
2026/04/04 00:36:20.899, 69.56, 2100, 100, 23
2026/04/04 00:36:21.007, 69.56, 2100, 100, 23
2026/04/04 00:36:21.117, 70.00, 2085, 100, 23
2026/04/04 00:36:21.227, 70.00, 2085, 100, 23
2026/04/04 00:36:21.335, 70.00, 2085, 100, 23
2026/04/04 00:36:21.445, 70.00, 2085, 100, 23
2026/04/04 00:36:21.556, 69.91, 2040, 100, 22
2026/04/04 00:36:21.666, 69.91, 2040, 100, 22
2026/04/04 00:36:21.775, 69.91, 2040, 100, 22
2026/04/04 00:36:21.885, 69.91, 2040, 100, 22
2026/04/04 00:36:21.995, 69.91, 2040, 100, 22
2026/04/04 00:36:22.105, 69.62, 2160, 100, 22
2026/04/04 00:36:22.213, 69.62, 2160, 100, 22
2026/04/04 00:36:22.323, 69.62, 2160, 100, 22
2026/04/04 00:36:22.432, 69.62, 2160, 100, 22
2026/04/04 00:36:22.540, 69.80, 2085, 100, 23
2026/04/04 00:36:22.650, 69.80, 2085, 100, 23
2026/04/04 00:36:22.760, 69.80, 2085, 100, 23
2026/04/04 00:36:22.870, 69.80, 2085, 100, 23
2026/04/04 00:36:22.981, 69.80, 2085, 100, 23
2026/04/04 00:36:23.092, 69.68, 2100, 100, 23
2026/04/04 00:36:23.202, 69.68, 2100, 100, 23
2026/04/04 00:36:23.312, 69.68, 2100, 100, 23
2026/04/04 00:36:23.421, 69.68, 2100, 100, 23
2026/04/04 00:36:23.531, 69.38, 2070, 100, 22
2026/04/04 00:36:23.638, 69.38, 2070, 100, 22
2026/04/04 00:36:23.748, 69.38, 2070, 100, 22
2026/04/04 00:36:23.858, 69.38, 2070, 100, 22
2026/04/04 00:36:23.966, 69.38, 2070, 100, 22
2026/04/04 00:36:24.076, 69.64, 2085, 100, 22
2026/04/04 00:36:24.186, 69.64, 2085, 100, 22
2026/04/04 00:36:24.295, 69.64, 2085, 100, 22
2026/04/04 00:36:24.404, 69.64, 2085, 100, 22
2026/04/04 00:36:24.514, 69.64, 2085, 100, 22
2026/04/04 00:36:24.624, 69.71, 2160, 100, 23
2026/04/04 00:36:24.734, 69.71, 2160, 100, 23
2026/04/04 00:36:24.843, 69.71, 2160, 100, 23
2026/04/04 00:36:24.954, 69.71, 2160, 100, 23
2026/04/04 00:36:25.064, 69.64, 2100, 100, 23
2026/04/04 00:36:25.174, 69.64, 2100, 100, 23
2026/04/04 00:36:25.284, 69.64, 2100, 100, 23
2026/04/04 00:36:25.394, 69.64, 2100, 100, 23
2026/04/04 00:36:25.504, 69.64, 2100, 100, 23
2026/04/04 00:36:25.615, 69.80, 2175, 100, 22
2026/04/04 00:36:25.725, 69.80, 2175, 100, 22
2026/04/04 00:36:25.835, 69.80, 2175, 100, 22
2026/04/04 00:36:25.946, 69.80, 2175, 100, 22
2026/04/04 00:36:26.056, 69.88, 2040, 100, 22
2026/04/04 00:36:26.168, 69.88, 2040, 100, 22
2026/04/04 00:36:26.276, 69.88, 2040, 100, 22
2026/04/04 00:36:26.385, 69.88, 2040, 100, 22
2026/04/04 00:36:26.497, 69.88, 2040, 100, 22
2026/04/04 00:36:26.607, 69.72, 2085, 100, 23
2026/04/04 00:36:26.716, 69.72, 2085, 100, 23
2026/04/04 00:36:26.827, 69.72, 2085, 100, 23
2026/04/04 00:36:26.937, 69.72, 2085, 100, 23
2026/04/04 00:36:27.048, 69.88, 2070, 100, 23
2026/04/04 00:36:27.157, 69.88, 2070, 100, 23
2026/04/04 00:36:27.267, 69.88, 2070, 100, 23
2026/04/04 00:36:27.378, 69.88, 2070, 100, 23
2026/04/04 00:36:27.487, 69.88, 2070, 100, 23
2026/04/04 00:36:27.598, 69.87, 2235, 100, 22
2026/04/04 00:36:27.708, 69.87, 2235, 100, 22
2026/04/04 00:36:27.819, 69.87, 2235, 100, 22
2026/04/04 00:36:27.930, 69.87, 2235, 100, 22
2026/04/04 00:36:28.039, 69.73, 2205, 100, 22
2026/04/04 00:36:28.150, 69.73, 2205, 100, 22
2026/04/04 00:36:28.261, 69.73, 2205, 100, 22
2026/04/04 00:36:28.370, 69.73, 2205, 100, 22
2026/04/04 00:36:28.481, 69.73, 2205, 100, 22
2026/04/04 00:36:28.592, 69.80, 2085, 100, 23
2026/04/04 00:36:28.702, 69.80, 2085, 100, 23
2026/04/04 00:36:28.811, 69.80, 2085, 100, 23
2026/04/04 00:36:28.922, 69.80, 2085, 100, 23
2026/04/04 00:36:29.033, 69.84, 2040, 100, 23
2026/04/04 00:36:29.142, 69.84, 2040, 100, 23
2026/04/04 00:36:29.252, 69.84, 2040, 100, 23
2026/04/04 00:36:29.364, 69.84, 2040, 100, 23
2026/04/04 00:36:29.474, 69.84, 2040, 100, 23
2026/04/04 00:36:29.586, 69.67, 2055, 100, 22
2026/04/04 00:36:29.697, 69.67, 2055, 100, 22
2026/04/04 00:36:29.808, 69.67, 2055, 100, 22
2026/04/04 00:36:29.919, 69.67, 2055, 100, 22
2026/04/04 00:36:30.030, 69.89, 2145, 100, 22
2026/04/04 00:36:30.141, 69.89, 2145, 100, 22
2026/04/04 00:36:30.252, 69.89, 2145, 100, 22
2026/04/04 00:36:30.363, 69.89, 2145, 100, 22
2026/04/04 00:36:30.473, 69.89, 2145, 100, 22
2026/04/04 00:36:30.584, 69.89, 2100, 100, 23
2026/04/04 00:36:30.695, 69.89, 2100, 100, 23
2026/04/04 00:36:30.806, 69.89, 2100, 100, 23
2026/04/04 00:36:30.917, 69.89, 2100, 100, 23
2026/04/04 00:36:31.024, 70.09, 2100, 100, 23
2026/04/04 00:36:31.136, 70.09, 2100, 100, 23
2026/04/04 00:36:31.246, 70.09, 2100, 100, 23
2026/04/04 00:36:31.357, 70.09, 2100, 100, 23
2026/04/04 00:36:31.466, 70.09, 2100, 100, 23
2026/04/04 00:36:31.576, 69.92, 2100, 100, 22
2026/04/04 00:36:31.686, 69.92, 2100, 100, 22
2026/04/04 00:36:31.798, 69.92, 2100, 100, 22
2026/04/04 00:36:31.907, 69.92, 2100, 100, 22
2026/04/04 00:36:32.017, 69.58, 2055, 100, 22
2026/04/04 00:36:32.128, 69.58, 2055, 100, 22
2026/04/04 00:36:32.238, 69.58, 2055, 100, 22
2026/04/04 00:36:32.349, 69.58, 2055, 100, 22
2026/04/04 00:36:32.462, 69.58, 2055, 100, 22
2026/04/04 00:36:32.570, 69.88, 2130, 100, 23
2026/04/04 00:36:32.679, 69.88, 2130, 100, 23
2026/04/04 00:36:32.790, 69.88, 2130, 100, 23
2026/04/04 00:36:32.902, 69.88, 2130, 100, 23
2026/04/04 00:36:33.012, 69.88, 2130, 100, 23
2026/04/04 00:36:33.122, 69.77, 2205, 100, 23
2026/04/04 00:36:33.234, 69.77, 2205, 100, 23
2026/04/04 00:36:33.344, 69.77, 2205, 100, 23
2026/04/04 00:36:33.454, 69.77, 2205, 100, 23
2026/04/04 00:36:33.565, 69.59, 2145, 100, 22
2026/04/04 00:36:33.676, 69.59, 2145, 100, 22
2026/04/04 00:36:33.786, 69.59, 2145, 100, 22
2026/04/04 00:36:33.897, 69.59, 2145, 100, 22
2026/04/04 00:36:34.008, 69.59, 2145, 100, 22
2026/04/04 00:36:34.117, 69.94, 2100, 100, 22
2026/04/04 00:36:34.226, 69.94, 2100, 100, 22
2026/04/04 00:36:34.337, 69.94, 2100, 100, 22
2026/04/04 00:36:34.448, 69.94, 2100, 100, 22
2026/04/04 00:36:34.559, 69.68, 2040, 100, 22
2026/04/04 00:36:34.670, 69.68, 2040, 100, 22
2026/04/04 00:36:34.781, 69.68, 2040, 100, 22
2026/04/04 00:36:34.891, 69.68, 2040, 100, 22
2026/04/04 00:36:35.002, 69.68, 2040, 100, 22
2026/04/04 00:36:35.112, 69.91, 2085, 100, 22
2026/04/04 00:36:35.222, 69.91, 2085, 100, 22
2026/04/04 00:36:35.333, 69.91, 2085, 100, 22
2026/04/04 00:36:35.444, 69.91, 2085, 100, 22
2026/04/04 00:36:35.555, 69.72, 2160, 100, 22
2026/04/04 00:36:35.666, 69.72, 2160, 100, 22
2026/04/04 00:36:35.775, 69.72, 2160, 100, 22
2026/04/04 00:36:35.886, 69.72, 2160, 100, 22
2026/04/04 00:36:35.997, 69.72, 2160, 100, 22
2026/04/04 00:36:36.108, 69.91, 2220, 100, 22
2026/04/04 00:36:36.220, 69.91, 2220, 100, 22
2026/04/04 00:36:36.329, 69.91, 2220, 100, 22
2026/04/04 00:36:36.441, 69.91, 2220, 100, 22
2026/04/04 00:36:36.551, 69.72, 2040, 100, 23
2026/04/04 00:36:36.663, 69.72, 2040, 100, 23
2026/04/04 00:36:36.770, 69.72, 2040, 100, 23
2026/04/04 00:36:36.881, 69.72, 2040, 100, 23
2026/04/04 00:36:36.999, 69.72, 2040, 100, 23
2026/04/04 00:36:37.102, 69.76, 2100, 100, 23
2026/04/04 00:36:37.212, 69.76, 2100, 100, 23
2026/04/04 00:36:37.323, 69.76, 2100, 100, 23
2026/04/04 00:36:37.433, 69.76, 2100, 100, 23
2026/04/04 00:36:37.543, 69.76, 2070, 100, 22
2026/04/04 00:36:37.655, 69.76, 2070, 100, 22
2026/04/04 00:36:37.766, 69.76, 2070, 100, 22
2026/04/04 00:36:37.876, 69.76, 2070, 100, 22
2026/04/04 00:36:37.987, 69.76, 2070, 100, 22
2026/04/04 00:36:38.098, 69.79, 2040, 100, 22
2026/04/04 00:36:38.208, 69.79, 2040, 100, 22
2026/04/04 00:36:38.318, 69.79, 2040, 100, 22
2026/04/04 00:36:38.429, 69.79, 2040, 100, 22
2026/04/04 00:36:38.538, 69.85, 2160, 100, 24
2026/04/04 00:36:38.649, 69.85, 2160, 100, 24
2026/04/04 00:36:38.758, 69.85, 2160, 100, 24
2026/04/04 00:36:38.869, 69.85, 2160, 100, 24
2026/04/04 00:36:38.979, 69.85, 2160, 100, 24
2026/04/04 00:36:39.089, 69.71, 2085, 100, 24
2026/04/04 00:36:39.198, 69.71, 2085, 100, 24
2026/04/04 00:36:39.308, 69.71, 2085, 100, 24
2026/04/04 00:36:39.419, 69.71, 2085, 100, 24
2026/04/04 00:36:39.530, 69.70, 2145, 100, 23
2026/04/04 00:36:39.639, 69.70, 2145, 100, 23
2026/04/04 00:36:39.748, 69.70, 2145, 100, 23
2026/04/04 00:36:39.859, 69.70, 2145, 100, 23
2026/04/04 00:36:39.968, 69.70, 2145, 100, 23
2026/04/04 00:36:40.079, 69.78, 2070, 100, 23
2026/04/04 00:36:40.189, 69.78, 2070, 100, 23
2026/04/04 00:36:40.299, 69.78, 2070, 100, 23
2026/04/04 00:36:40.409, 69.78, 2070, 100, 23
2026/04/04 00:36:40.518, 69.78, 2490, 100, 23
2026/04/04 00:36:40.626, 63.65, 2490, 57, 14
2026/04/04 00:36:40.737, 63.65, 2490, 57, 14
2026/04/04 00:36:40.847, 63.65, 2490, 57, 14
2026/04/04 00:36:40.957, 63.65, 2490, 57, 14
2026/04/04 00:36:41.067